reading_id,ts,station,lat,lon,reading_c,humidity_pct,calibration,battery_pct,alarm,split
10000,2025-03-01 00:00:00,north,45.068128,7.693064,19.419,81.5,,98.0,0,train
10001,2025-03-01 01:00:00,harbour,45.045134,7.612855,24.818,73.68,1.0022,100.0,0,train
10002,2025-03-01 02:00:00,harbour,45.044631,7.610194,21.913,68.06,1.1001,98.9,0,train
10003,2025-03-01 03:00:00,north,45.065192,7.686185,20.227,76.91,1.0176,97.8,0,train
10004,2025-03-01 04:00:00,north,45.072509,7.690656,18.894,74.0,0.9444,97.6,0,train
10005,2025-03-01 05:00:00,hill,45.102081,7.735485,17.516,70.89,,98.3,0,train
10006,2025-03-01 06:00:00,north,45.071836,7.680094,19.417,75.31,0.9736,96.6,0,train
10007,2025-03-01 07:00:00,north,45.068074,7.690237,22.384,73.63,1.1202,100.0,0,train
10008,2025-03-01 08:00:00,hill,45.098113,7.726559,18.616,63.87,,100.0,0,train
10009,2025-03-01 09:00:00,harbour,45.045065,7.608548,22.608,73.41,0.9462,97.1,0,train
10010,2025-03-01 10:00:00,north,45.071809,7.692714,19.989,68.2,1.0365,98.6,0,train
10011,2025-03-01 11:00:00,harbour,45.036097,7.613601,23.159,73.78,0.975,98.9,0,train
10012,2025-03-01 12:00:00,harbour,45.033434,7.613579,23.428,67.77,0.9819,100.0,0,train
10013,2025-03-01 13:00:00,north,45.067863,7.686929,18.107,74.86,0.9892,98.1,0,train
10014,2025-03-01 14:00:00,north,45.065273,7.69166,16.568,82.14,0.9675,98.9,0,train
10015,2025-03-01 15:00:00,harbour,45.039544,7.612124,19.169,71.39,0.9804,97.5,0,train
10016,2025-03-01 16:00:00,harbour,45.043481,7.602413,19.447,80.96,0.8929,97.6,0,train
10017,2025-03-01 17:00:00,harbour,45.046876,7.613634,18.777,69.35,0.9958,98.2,0,train
10018,2025-03-01 18:00:00,hill,45.102573,7.719708,11.314,81.28,1.0325,100.0,0,train
10019,2025-03-01 19:00:00,harbour,45.046509,7.601894,17.114,71.16,1.0926,100.0,0,train
10020,2025-03-01 20:00:00,hill,45.108657,7.74347,13.423,83.0,,100.0,0,train
10021,2025-03-01 21:00:00,north,45.068262,7.691688,14.992,78.29,1.0417,99.9,0,train
10022,2025-03-01 22:00:00,harbour,45.034332,7.61,19.649,75.34,,96.3,0,train
10023,2025-03-01 23:00:00,harbour,45.044414,7.611987,21.593,73.83,1.0729,97.4,0,train
10024,2025-03-02 00:00:00,north,45.072442,7.686806,17.987,77.64,1.1113,100.0,0,train
10025,2025-03-02 01:00:00,harbour,45.05042,7.61749,23.618,70.92,1.0178,99.3,0,train
10026,2025-03-02 02:00:00,north,45.075727,7.682415,18.425,78.23,0.9848,100.0,0,train
10027,2025-03-02 03:00:00,hill,45.107137,7.73086,18.15,73.78,,99.2,0,train
10028,2025-03-02 04:00:00,hill,45.110763,7.732151,16.374,73.57,1.0777,100.0,0,train
10029,2025-03-02 05:00:00,north,45.065819,7.687068,19.506,68.18,0.9407,99.4,0,train
10030,2025-03-02 06:00:00,harbour,45.041788,7.613709,23.619,69.52,1.0645,100.0,0,train
10031,2025-03-02 07:00:00,north,45.068922,7.684343,21.281,67.53,,99.8,0,train
10032,2025-03-02 08:00:00,north,45.076987,7.690244,20.096,67.38,0.9613,100.0,0,train
10033,2025-03-02 09:00:00,hill,45.106279,7.730129,15.819,73.89,,98.0,0,train
10034,2025-03-02 10:00:00,north,45.057782,7.685966,20.981,69.21,1.0335,98.5,0,train
10035,2025-03-02 11:00:00,north,45.075505,7.682817,17.845,75.43,1.0494,97.6,0,train
10036,2025-03-02 12:00:00,harbour,45.037399,7.60721,21.447,68.4,1.072,98.9,0,train
10037,2025-03-02 13:00:00,north,45.073139,7.69263,17.523,70.7,0.9465,99.8,0,train
10038,2025-03-02 14:00:00,hill,45.102118,7.733723,12.955,83.52,,99.0,0,train
10039,2025-03-02 15:00:00,north,45.071017,7.68121,16.21,67.58,1.0399,95.0,0,train
10040,2025-03-02 16:00:00,north,45.072583,7.686561,15.984,75.71,1.0155,97.4,0,train
10041,2025-03-02 17:00:00,north,45.070822,7.681233,14.878,82.83,1.0574,97.7,0,train
10042,2025-03-02 18:00:00,north,45.066232,7.689405,16.02,78.05,1.004,98.1,0,train
10043,2025-03-02 19:00:00,harbour,45.046648,7.616703,17.845,79.27,0.9876,97.4,0,train
10044,2025-03-02 20:00:00,hill,45.105642,7.740603,11.156,84.17,0.8922,97.9,0,train
10045,2025-03-02 21:00:00,harbour,45.040989,7.606946,19.548,74.36,0.9099,100.0,0,train
10046,2025-03-02 22:00:00,north,45.072883,7.685611,15.43,77.92,1.0408,99.8,0,train
10047,2025-03-02 23:00:00,north,45.067919,7.69579,17.675,72.83,0.9457,100.0,0,train
10048,2025-03-03 00:00:00,north,45.077606,7.685266,17.981,75.71,1.0171,95.3,0,train
10049,2025-03-03 01:00:00,hill,45.104964,7.741831,15.411,81.73,,96.5,0,train
10050,2025-03-03 02:00:00,harbour,45.042529,7.620169,23.83,57.87,0.9962,96.0,0,train
10051,2025-03-03 03:00:00,harbour,45.042456,7.605308,24.447,61.73,1.0516,100.0,1,train
10052,2025-03-03 04:00:00,north,45.066418,7.692562,17.631,66.0,0.9703,99.8,0,train
10053,2025-03-03 05:00:00,north,45.065373,7.690221,20.843,66.25,1.0309,97.3,0,train
10054,2025-03-03 06:00:00,hill,45.104941,7.739856,18.456,68.14,0.9958,97.3,0,train
10055,2025-03-03 07:00:00,harbour,45.042483,7.621015,25.231,61.93,0.929,98.9,1,train
10056,2025-03-03 08:00:00,north,45.075458,7.688729,20.281,69.6,,100.0,0,train
10057,2025-03-03 09:00:00,north,45.07188,7.68678,19.115,76.36,0.9924,100.0,0,train
10058,2025-03-03 10:00:00,north,45.065719,7.689503,19.846,76.45,1.0817,97.0,0,train
10059,2025-03-03 11:00:00,north,45.072182,7.684617,19.686,68.32,1.0589,100.0,0,train
10060,2025-03-03 12:00:00,north,45.073387,7.688914,15.861,74.93,1.0251,97.8,0,train
10061,2025-03-03 13:00:00,hill,45.10809,7.725092,12.643,84.01,,100.0,0,train
10062,2025-03-03 14:00:00,harbour,45.042412,7.621219,19.374,69.39,1.0461,100.0,0,train
10063,2025-03-03 15:00:00,north,45.065191,7.683663,13.022,79.26,0.9897,99.2,0,train
10064,2025-03-03 16:00:00,harbour,45.045723,7.61514,18.196,66.09,1.0662,99.3,0,train
10065,2025-03-03 17:00:00,north,45.067149,7.687972,15.932,79.82,1.0147,93.0,0,train
10066,2025-03-03 18:00:00,north,45.072372,7.686909,13.759,80.95,0.9767,99.2,0,train
10067,2025-03-03 19:00:00,harbour,45.034785,7.612946,18.686,69.04,1.1917,94.6,0,train
10068,2025-03-03 20:00:00,hill,45.107136,7.735705,11.384,77.78,,96.8,0,train
10069,2025-03-03 21:00:00,north,45.066937,7.677995,16.33,71.92,0.9959,99.7,0,train
10070,2025-03-03 22:00:00,hill,45.108406,7.732579,14.243,80.99,,94.8,0,train
10071,2025-03-03 23:00:00,north,45.077132,7.692475,18.733,70.93,,100.0,0,train
10072,2025-03-04 00:00:00,north,45.074754,7.681145,18.217,68.64,0.9416,96.8,0,train
10073,2025-03-04 01:00:00,north,45.065402,7.680976,20.117,69.64,1.0963,99.4,0,train
10074,2025-03-04 02:00:00,north,45.066297,7.697179,20.177,74.41,1.0325,96.7,0,train
10075,2025-03-04 03:00:00,harbour,45.03759,7.618537,23.384,71.53,0.9485,99.1,0,train
10076,2025-03-04 04:00:00,harbour,45.043722,7.620352,26.029,68.21,0.9216,96.6,0,train
10077,2025-03-04 05:00:00,hill,45.105453,7.7353,17.578,75.1,,97.6,0,train
10078,2025-03-04 06:00:00,north,45.070704,7.687738,21.531,70.13,0.9498,93.0,0,train
10079,2025-03-04 07:00:00,north,45.071306,7.690254,23.921,66.94,1.0664,99.5,0,train
10080,2025-03-04 08:00:00,north,45.072387,7.689231,21.873,71.35,0.906,99.0,0,train
10081,2025-03-04 09:00:00,hill,45.106673,7.734908,16.512,78.56,1.0614,96.9,0,train
10082,2025-03-04 10:00:00,hill,45.110825,7.727879,17.076,71.42,,96.9,0,train
10083,2025-03-04 11:00:00,north,45.06984,7.682602,18.376,70.53,,95.3,0,train
10084,2025-03-04 12:00:00,north,45.070877,7.678642,17.998,72.5,1.0026,96.0,0,train
10085,2025-03-04 13:00:00,north,45.062636,7.694367,15.679,80.21,0.9377,97.9,0,train
10086,2025-03-04 14:00:00,harbour,45.035763,7.610275,20.299,68.77,0.9713,98.0,0,train
10087,2025-03-04 15:00:00,north,45.067282,7.68539,14.197,76.26,0.9726,98.8,0,train
10088,2025-03-04 16:00:00,north,45.065307,7.687754,15.798,81.33,0.8799,99.7,0,train
10089,2025-03-04 17:00:00,north,45.070933,7.686382,15.484,83.56,0.9411,99.3,0,train
10090,2025-03-04 18:00:00,north,45.074212,7.688983,15.895,73.32,1.0168,98.1,0,train
10091,2025-03-04 19:00:00,hill,45.102301,7.732101,14.521,78.39,0.8969,98.0,0,train
10092,2025-03-04 20:00:00,harbour,45.039098,7.604502,17.083,80.08,0.932,96.8,0,train
10093,2025-03-04 21:00:00,harbour,45.03899,7.621205,18.099,72.31,0.954,99.7,0,train
10094,2025-03-04 22:00:00,harbour,45.041558,7.608629,18.98,76.46,1.0452,95.7,0,train
10095,2025-03-04 23:00:00,harbour,45.038852,7.60983,20.225,65.19,1.0452,95.6,0,train
10096,2025-03-05 00:00:00,harbour,45.042736,7.608191,22.643,66.69,1.0735,97.8,0,train
10097,2025-03-05 01:00:00,hill,45.10523,7.732446,15.639,80.07,,94.3,0,train
10098,2025-03-05 02:00:00,north,45.071401,7.686335,19.139,78.74,1.04,96.4,0,train
10099,2025-03-05 03:00:00,harbour,45.044078,7.616037,22.707,71.38,1.0112,94.0,0,train
10100,2025-03-05 04:00:00,north,45.070144,7.680857,20.265,64.3,0.9348,95.3,0,train
10101,2025-03-05 05:00:00,north,45.070591,7.68769,20.796,63.9,,100.0,0,train
10102,2025-03-05 06:00:00,harbour,45.048052,7.60878,24.774,61.05,0.9989,93.7,1,train
10103,2025-03-05 07:00:00,hill,45.103829,7.741319,16.709,79.26,,98.9,0,train
10104,2025-03-05 08:00:00,harbour,45.044201,7.605932,24.379,68.12,0.9454,95.7,0,train
10105,2025-03-05 09:00:00,north,45.070223,7.686703,21.078,74.2,0.9189,94.6,0,train
10106,2025-03-05 10:00:00,north,45.068171,7.689818,20.177,73.84,1.0241,93.9,0,train
10107,2025-03-05 11:00:00,north,45.068173,7.679271,17.657,72.22,1.0213,98.0,0,train
10108,2025-03-05 12:00:00,hill,45.100718,7.735735,16.1,75.19,,96.0,0,train
10109,2025-03-05 13:00:00,north,45.070045,7.686914,18.255,70.08,0.9801,96.7,0,train
10110,2025-03-05 14:00:00,north,45.067581,7.682112,16.931,78.96,0.9694,100.0,0,train
10111,2025-03-05 15:00:00,north,45.068304,7.685061,14.595,73.69,1.0371,94.0,0,train
10112,2025-03-05 16:00:00,north,45.074873,7.691186,13.819,80.17,1.0089,92.4,0,train
10113,2025-03-05 17:00:00,hill,45.103461,7.736398,12.161,83.24,0.9104,96.9,0,train
10114,2025-03-05 18:00:00,harbour,45.045556,7.610045,17.382,79.95,1.0035,99.3,0,train
10115,2025-03-05 19:00:00,north,45.071057,7.685087,13.653,77.03,1.0227,96.9,0,train
10116,2025-03-05 20:00:00,harbour,45.044442,7.614407,19.923,73.0,0.9692,99.3,0,train
10117,2025-03-05 21:00:00,north,45.06755,7.692568,16.955,71.44,0.9755,98.7,0,train
10118,2025-03-05 22:00:00,harbour,45.041581,7.616162,20.824,74.3,,97.2,0,train
10119,2025-03-05 23:00:00,north,45.080534,7.689832,18.83,71.42,1.0307,94.9,0,train
10120,2025-03-06 00:00:00,north,45.0733,7.694049,19.213,71.11,,96.7,0,train
10121,2025-03-06 01:00:00,north,45.074002,7.678302,17.781,70.49,0.9977,98.7,0,train
10122,2025-03-06 02:00:00,harbour,45.04192,7.604846,24.585,62.37,1.0035,97.4,0,train
10123,2025-03-06 03:00:00,harbour,45.044415,7.60061,24.123,62.85,1.0763,96.3,0,train
10124,2025-03-06 04:00:00,north,45.065335,7.69032,21.487,66.69,0.9241,97.1,0,train
10125,2025-03-06 05:00:00,harbour,45.037578,7.600527,26.545,66.82,1.1156,96.3,0,train
10126,2025-03-06 06:00:00,north,45.071696,7.685871,21.92,64.55,0.9391,97.9,0,train
10127,2025-03-06 07:00:00,north,45.073259,7.689898,23.056,67.98,0.9883,95.8,0,train
10128,2025-03-06 08:00:00,north,45.068337,7.679029,21.072,73.18,0.9589,99.5,0,train
10129,2025-03-06 09:00:00,north,45.069225,7.68274,20.084,66.53,1.0059,97.0,0,train
10130,2025-03-06 10:00:00,hill,45.102526,7.733745,16.066,68.01,1.0268,96.5,0,train
10131,2025-03-06 11:00:00,north,45.06922,7.689752,18.923,74.69,,92.6,0,train
10132,2025-03-06 12:00:00,north,45.065167,7.678405,16.398,69.58,1.059,91.8,0,train
10133,2025-03-06 13:00:00,harbour,45.035234,7.61367,20.851,66.91,0.9656,95.7,0,train
10134,2025-03-06 14:00:00,hill,45.103636,7.738574,13.517,79.94,,95.1,0,train
10135,2025-03-06 15:00:00,hill,45.097009,7.735774,12.402,83.02,,99.8,0,train
10136,2025-03-06 16:00:00,harbour,45.037042,7.612847,16.529,75.03,0.9663,94.5,0,train
10137,2025-03-06 17:00:00,north,45.067312,7.692343,12.803,78.48,1.0292,94.0,0,train
10138,2025-03-06 18:00:00,hill,45.099738,7.736161,12.832,85.34,,97.5,0,train
10139,2025-03-06 19:00:00,harbour,45.041898,7.611929,17.615,75.52,0.9774,91.8,0,train
10140,2025-03-06 20:00:00,north,45.068157,7.684354,16.997,83.3,0.9652,96.0,0,train
10141,2025-03-06 21:00:00,harbour,45.040613,7.615317,18.715,69.4,1.0351,93.2,0,train
10142,2025-03-06 22:00:00,north,45.065891,7.684582,17.06,75.02,0.9938,90.2,0,train
10143,2025-03-06 23:00:00,hill,45.100959,7.738325,12.849,81.11,,92.1,0,train
10144,2025-03-07 00:00:00,harbour,45.042972,7.612538,21.067,71.97,1.0429,95.4,0,train
10145,2025-03-07 01:00:00,hill,45.10537,7.740712,15.857,78.01,,95.6,0,train
10146,2025-03-07 02:00:00,harbour,45.039053,7.608053,24.011,65.76,0.8946,95.1,0,train
10147,2025-03-07 03:00:00,north,45.071365,7.686406,22.387,75.9,1.0018,93.7,0,train
10148,2025-03-07 04:00:00,harbour,45.041656,7.613783,25.607,62.78,0.9659,95.6,0,train
10149,2025-03-07 05:00:00,north,45.07054,7.688105,19.773,73.39,0.9478,96.0,0,train
10150,2025-03-07 06:00:00,north,45.076277,7.691714,21.488,69.97,0.9635,95.6,0,train
10151,2025-03-07 07:00:00,north,45.068292,7.688005,21.189,67.14,,98.6,0,train
10152,2025-03-07 08:00:00,harbour,45.042569,7.616571,23.856,68.91,0.9886,97.3,0,train
10153,2025-03-07 09:00:00,north,45.071574,7.695875,21.196,62.04,1.0947,93.5,0,train
10154,2025-03-07 10:00:00,harbour,45.039949,7.616258,25.124,68.76,1.0387,94.0,0,train
10155,2025-03-07 11:00:00,harbour,45.036223,7.606712,22.117,62.01,0.9128,93.4,0,train
10156,2025-03-07 12:00:00,north,45.072642,7.678859,19.521,70.68,1.022,95.5,0,train
10157,2025-03-07 13:00:00,harbour,45.041923,7.615385,22.502,68.2,1.0743,97.3,0,train
10158,2025-03-07 14:00:00,north,45.07007,7.68413,15.528,75.55,0.9107,98.3,0,train
10159,2025-03-07 15:00:00,harbour,45.04096,7.613481,21.487,67.09,0.9363,95.5,0,train
10160,2025-03-07 16:00:00,north,45.069948,7.68515,17.385,79.81,0.9944,93.9,0,train
10161,2025-03-07 17:00:00,harbour,45.037282,7.618579,19.037,82.35,0.9723,93.0,0,train
10162,2025-03-07 18:00:00,north,45.071021,7.692037,16.985,79.75,1.0847,91.8,0,train
10163,2025-03-07 19:00:00,harbour,45.033636,7.606365,18.991,73.36,,98.5,0,train
10164,2025-03-07 20:00:00,harbour,45.040738,7.613389,20.305,68.32,1.0852,94.3,0,train
10165,2025-03-07 21:00:00,harbour,45.034852,7.610509,20.264,67.8,0.9298,94.0,0,train
10166,2025-03-07 22:00:00,north,45.068424,7.679451,15.763,82.14,0.957,98.6,0,train
10167,2025-03-07 23:00:00,hill,45.106688,7.738263,14.774,82.24,,93.7,0,train
10168,2025-03-08 00:00:00,north,45.068785,7.685296,18.131,79.26,1.026,94.7,0,train
10169,2025-03-08 01:00:00,north,45.067899,7.688236,18.602,77.32,1.0077,95.7,0,train
10170,2025-03-08 02:00:00,harbour,45.042868,7.624429,22.151,73.67,1.0808,91.2,0,train
10171,2025-03-08 03:00:00,north,45.068732,7.692672,19.725,69.24,1.0913,92.2,0,train
10172,2025-03-08 04:00:00,north,45.068174,7.691547,19.737,68.47,1.0991,100.0,0,train
10173,2025-03-08 05:00:00,harbour,45.039229,7.60997,26.168,58.54,0.9955,95.5,1,train
10174,2025-03-08 06:00:00,harbour,45.046846,7.606089,22.87,67.16,1.0443,90.8,0,train
10175,2025-03-08 07:00:00,harbour,45.043453,7.618268,25.004,63.5,0.9868,93.6,0,train
10176,2025-03-08 08:00:00,hill,45.105716,7.733493,17.429,75.33,,94.5,0,train
10177,2025-03-08 09:00:00,harbour,45.036029,7.612235,22.72,62.59,0.8844,95.9,0,train
10178,2025-03-08 10:00:00,north,45.072263,7.684126,20.733,70.95,0.9679,94.5,0,train
10179,2025-03-08 11:00:00,harbour,45.035611,7.612512,21.786,72.05,,92.3,0,train
10180,2025-03-08 12:00:00,north,45.071697,7.698067,19.667,72.06,,94.6,0,train
10181,2025-03-08 13:00:00,harbour,45.036313,7.610431,20.815,59.21,1.0805,96.8,0,train
10182,2025-03-08 14:00:00,north,45.077582,7.684595,17.108,75.23,0.9309,93.3,0,train
10183,2025-03-08 15:00:00,north,45.063035,7.687021,15.938,75.52,0.9596,92.2,0,train
10184,2025-03-08 16:00:00,hill,45.108654,7.736432,13.29,84.38,0.9404,92.3,0,train
10185,2025-03-08 17:00:00,harbour,45.043969,7.60599,19.79,70.92,,89.9,0,train
10186,2025-03-08 18:00:00,harbour,45.033662,7.603108,18.155,76.42,0.9551,96.9,0,train
10187,2025-03-08 19:00:00,harbour,45.039799,7.609075,18.75,71.46,1.048,95.0,0,train
10188,2025-03-08 20:00:00,harbour,45.046537,7.61092,21.017,71.18,1.0455,94.2,0,train
10189,2025-03-08 21:00:00,north,45.074302,7.682036,15.46,81.56,0.8946,94.7,0,train
10190,2025-03-08 22:00:00,harbour,45.034124,7.606952,22.248,67.03,0.8938,96.8,0,train
10191,2025-03-08 23:00:00,north,45.067676,7.681249,17.097,76.59,1.0417,93.5,0,train
10192,2025-03-09 00:00:00,harbour,45.036061,7.609968,21.247,70.19,1.0203,91.6,0,train
10193,2025-03-09 01:00:00,hill,45.099655,7.734333,14.333,81.68,,96.4,0,train
10194,2025-03-09 02:00:00,harbour,45.038184,7.603762,22.531,67.25,0.9989,89.6,0,train
10195,2025-03-09 03:00:00,hill,45.111116,7.732167,15.711,79.2,0.9384,93.4,0,train
10196,2025-03-09 04:00:00,harbour,45.041283,7.613684,24.01,58.27,1.0409,96.4,1,train
10197,2025-03-09 05:00:00,hill,45.102845,7.734277,19.222,71.43,,97.1,0,train
10198,2025-03-09 06:00:00,north,45.068408,7.679092,21.504,72.51,0.9695,93.9,0,train
10199,2025-03-09 07:00:00,hill,45.10641,7.733103,17.801,77.06,1.0244,93.9,0,train
10200,2025-03-09 08:00:00,north,45.072509,7.685786,20.016,67.36,1.003,93.8,0,train
10201,2025-03-09 09:00:00,north,45.066068,7.689723,19.883,68.21,1.0534,93.4,0,train
10202,2025-03-09 10:00:00,harbour,45.046613,7.603743,21.878,70.24,1.0215,93.7,0,train
10203,2025-03-09 11:00:00,harbour,45.036413,7.615293,21.312,70.88,0.9254,96.7,0,train
10204,2025-03-09 12:00:00,north,45.068635,7.683555,20.525,72.41,1.0124,94.9,0,train
10205,2025-03-09 13:00:00,hill,45.105544,7.73588,14.821,78.78,0.9439,97.3,0,train
10206,2025-03-09 14:00:00,north,45.076584,7.689274,15.778,77.61,1.0732,95.0,0,train
10207,2025-03-09 15:00:00,harbour,45.039357,7.607506,20.364,74.94,1.0798,93.1,0,train
10208,2025-03-09 16:00:00,north,45.070884,7.681823,17.269,71.34,1.0576,93.2,0,train
10209,2025-03-09 17:00:00,harbour,45.04595,7.611282,18.099,68.35,1.1109,98.1,0,train
10210,2025-03-09 18:00:00,harbour,45.043233,7.615471,18.575,77.33,1.0407,92.5,0,train
10211,2025-03-09 19:00:00,north,45.074248,7.683124,13.922,76.7,1.0746,95.7,0,train
10212,2025-03-09 20:00:00,harbour,45.044893,7.604777,17.371,77.71,1.048,91.7,0,train
10213,2025-03-09 21:00:00,hill,45.104779,7.731358,14.654,76.02,,94.7,0,train
10214,2025-03-09 22:00:00,north,45.072263,7.687745,20.57,66.02,1.0442,92.9,0,train
10215,2025-03-09 23:00:00,north,45.073406,7.691615,16.76,82.01,1.0153,92.7,0,train
10216,2025-03-10 00:00:00,north,45.069629,7.683288,16.616,75.71,1.0912,91.8,0,train
10217,2025-03-10 01:00:00,harbour,45.047132,7.610193,24.296,59.58,0.9459,92.0,1,train
10218,2025-03-10 02:00:00,hill,45.095796,7.733913,18.172,72.92,,93.8,0,train
10219,2025-03-10 03:00:00,north,45.066058,7.68513,21.197,68.88,0.9619,96.2,0,train
10220,2025-03-10 04:00:00,hill,45.109515,7.730073,19.804,70.67,1.0802,94.2,0,train
10221,2025-03-10 05:00:00,harbour,45.042448,7.609592,24.633,65.41,0.9871,91.6,0,train
10222,2025-03-10 06:00:00,north,45.067165,7.686863,21.92,63.91,0.9596,94.2,0,train
10223,2025-03-10 07:00:00,north,45.071253,7.686301,22.378,66.75,0.958,88.3,0,train
10224,2025-03-10 08:00:00,north,45.074087,7.685896,20.846,71.85,1.0237,93.1,0,train
10225,2025-03-10 09:00:00,harbour,45.038506,7.606769,24.709,67.11,,97.7,0,train
10226,2025-03-10 10:00:00,harbour,45.043813,7.609044,23.261,66.99,1.0606,88.4,0,train
10227,2025-03-10 11:00:00,north,45.069254,7.682228,19.753,68.34,0.9841,92.5,0,train
10228,2025-03-10 12:00:00,north,45.069289,7.691017,18.604,65.25,1.0461,95.1,0,train
10229,2025-03-10 13:00:00,hill,45.103466,7.742022,12.422,87.7,,96.9,0,train
10230,2025-03-10 14:00:00,harbour,45.045189,7.613486,20.429,66.12,1.0275,95.6,0,train
10231,2025-03-10 15:00:00,north,45.065266,7.693723,14.595,76.97,1.1531,92.2,0,train
10232,2025-03-10 16:00:00,north,45.068275,7.684324,14.724,78.66,0.9906,96.4,0,train
10233,2025-03-10 17:00:00,harbour,45.043394,7.610348,17.013,77.19,0.9942,96.2,0,train
10234,2025-03-10 18:00:00,hill,45.098869,7.728335,13.133,80.73,1.0494,92.3,0,train
10235,2025-03-10 19:00:00,north,45.063422,7.686938,14.986,74.96,0.951,93.1,0,train
10236,2025-03-10 20:00:00,north,45.072021,7.683532,15.243,77.72,0.9776,91.2,0,train
10237,2025-03-10 21:00:00,north,45.069752,7.686258,17.55,82.97,0.9733,92.3,0,train
10238,2025-03-10 22:00:00,harbour,45.040157,7.614223,21.125,79.69,1.0134,95.7,0,train
10239,2025-03-10 23:00:00,north,45.070315,7.684599,17.38,74.01,0.9318,90.5,0,train
10240,2025-03-11 00:00:00,north,45.065858,7.680224,16.158,79.2,1.0724,95.2,0,train
10241,2025-03-11 01:00:00,north,45.081397,7.685586,20.002,64.21,1.0075,93.5,0,train
10242,2025-03-11 02:00:00,north,45.06581,7.685451,19.759,72.42,1.0099,93.5,0,train
10243,2025-03-11 03:00:00,harbour,45.039005,7.611953,23.814,68.76,0.9925,91.6,0,train
10244,2025-03-11 04:00:00,harbour,45.035061,7.615168,25.533,62.28,0.999,94.2,0,train
10245,2025-03-11 05:00:00,north,45.068083,7.684756,20.853,77.35,0.8847,92.4,0,train
10246,2025-03-11 06:00:00,north,45.075851,7.684497,21.566,72.57,1.0647,92.3,0,train
10247,2025-03-11 07:00:00,harbour,45.040822,7.620428,26.027,65.27,0.9566,89.4,0,train
10248,2025-03-11 08:00:00,hill,45.106126,7.740159,18.861,62.35,,92.6,0,train
10249,2025-03-11 09:00:00,hill,45.101813,7.734387,17.05,72.92,,91.8,0,train
10250,2025-03-11 10:00:00,north,45.076999,7.68121,21.664,71.78,0.9903,94.3,0,train
10251,2025-03-11 11:00:00,hill,45.104402,7.732639,17.559,72.7,,92.8,0,train
10252,2025-03-11 12:00:00,hill,45.098754,7.736746,17.548,67.63,1.0852,92.3,0,train
10253,2025-03-11 13:00:00,north,45.072827,7.690041,17.584,72.32,0.9961,91.4,0,train
10254,2025-03-11 14:00:00,harbour,45.039268,7.623798,20.61,76.51,0.9718,91.2,0,train
10255,2025-03-11 15:00:00,north,45.072174,7.684664,17.372,77.67,1.0243,90.9,0,train
10256,2025-03-11 16:00:00,north,45.070303,7.686648,16.191,80.07,0.8768,93.7,0,train
10257,2025-03-11 17:00:00,harbour,45.0418,7.610137,19.043,73.39,0.9576,89.4,0,train
10258,2025-03-11 18:00:00,north,45.070293,7.686309,15.171,84.51,0.9511,89.3,0,train
10259,2025-03-11 19:00:00,harbour,45.037125,7.610022,18.562,62.05,0.9825,92.7,0,train
10260,2025-03-11 20:00:00,hill,45.097738,7.729632,12.0,77.69,,95.1,0,train
10261,2025-03-11 21:00:00,hill,45.107649,7.739992,12.518,89.46,,92.8,0,train
10262,2025-03-11 22:00:00,north,45.069204,7.686573,17.339,79.23,0.9852,91.8,0,train
10263,2025-03-11 23:00:00,north,45.070888,7.692306,17.33,76.0,1.0076,96.3,0,train
10264,2025-03-12 00:00:00,hill,45.10189,7.732461,13.944,78.39,,92.7,0,train
10265,2025-03-12 01:00:00,hill,45.095652,7.736261,16.385,69.08,0.9849,90.9,0,train
10266,2025-03-12 02:00:00,hill,45.098637,7.738219,18.923,71.09,,92.3,0,train
10267,2025-03-12 03:00:00,harbour,45.046325,7.602685,25.76,62.66,1.0654,94.0,0,train
10268,2025-03-12 04:00:00,harbour,45.037602,7.60545,22.566,63.99,1.0422,91.2,0,train
10269,2025-03-12 05:00:00,north,45.068212,7.689699,20.667,75.88,1.0756,93.5,0,train
10270,2025-03-12 06:00:00,north,45.063873,7.686488,22.563,71.85,0.9926,91.2,0,train
10271,2025-03-12 07:00:00,north,45.067631,7.676919,21.689,67.8,1.0146,92.1,0,train
10272,2025-03-12 08:00:00,harbour,45.03925,7.608353,24.862,68.11,1.0186,92.4,0,train
10273,2025-03-12 09:00:00,north,45.068853,7.680813,20.635,70.24,0.9842,86.8,0,train
10274,2025-03-12 10:00:00,harbour,45.040443,7.609628,23.681,67.23,0.9988,94.2,0,train
10275,2025-03-12 11:00:00,harbour,45.038211,7.619656,21.729,66.95,0.9194,92.9,0,train
10276,2025-03-12 12:00:00,north,45.067438,7.683192,19.821,81.51,0.941,92.5,0,train
10277,2025-03-12 13:00:00,hill,45.103679,7.745051,13.55,74.32,,92.0,0,train
10278,2025-03-12 14:00:00,north,45.071024,7.684797,16.769,75.25,0.9433,91.1,0,train
10279,2025-03-12 15:00:00,harbour,45.040164,7.60842,21.45,73.43,1.0223,94.2,0,train
10280,2025-03-12 16:00:00,north,45.076702,7.693793,16.951,79.7,1.0189,91.5,0,train
10281,2025-03-12 17:00:00,hill,45.104552,7.739741,12.433,75.38,1.0211,93.2,0,train
10282,2025-03-12 18:00:00,harbour,45.041374,7.618881,18.826,69.15,0.9876,88.0,0,train
10283,2025-03-12 19:00:00,north,45.067105,7.695681,14.79,78.22,1.0513,95.3,0,train
10284,2025-03-12 20:00:00,north,45.073836,7.691341,15.218,74.79,1.0466,91.8,0,train
10285,2025-03-12 21:00:00,harbour,45.036632,7.618134,19.518,69.3,1.0293,91.9,0,train
10286,2025-03-12 22:00:00,north,45.063253,7.67761,18.411,72.52,0.9839,89.2,0,train
10287,2025-03-12 23:00:00,north,45.065823,7.682038,17.242,74.55,1.078,89.4,0,train
10288,2025-03-13 00:00:00,north,45.072199,7.688305,19.169,76.9,0.941,92.0,0,train
10289,2025-03-13 01:00:00,north,45.065144,7.687141,19.851,64.69,0.9188,84.6,0,train
10290,2025-03-13 02:00:00,harbour,45.045896,7.6157,24.098,69.82,0.9353,93.6,0,train
10291,2025-03-13 03:00:00,harbour,45.040629,7.609795,24.012,64.79,1.061,89.6,0,train
10292,2025-03-13 04:00:00,hill,45.097655,7.740652,19.136,74.87,,89.4,0,train
10293,2025-03-13 05:00:00,hill,45.102802,7.745143,18.83,71.56,0.9711,91.1,0,train
10294,2025-03-13 06:00:00,hill,45.110851,7.738072,18.873,82.34,,94.8,0,train
10295,2025-03-13 07:00:00,harbour,45.037277,7.616328,24.641,57.59,0.9892,91.4,1,train
10296,2025-03-13 08:00:00,harbour,45.035477,7.614708,22.486,72.61,0.9508,93.1,0,train
10297,2025-03-13 09:00:00,harbour,45.042765,7.6168,25.136,62.35,0.8958,88.3,0,train
10298,2025-03-13 10:00:00,north,45.07494,7.687279,21.005,69.0,1.0552,89.6,0,train
10299,2025-03-13 11:00:00,north,45.07378,7.683734,18.857,78.64,1.0022,92.6,0,train
10300,2025-03-13 12:00:00,north,45.0684,7.687205,18.388,72.78,,88.5,0,train
10301,2025-03-13 13:00:00,harbour,45.041465,7.612771,21.571,72.78,0.9997,85.4,0,train
10302,2025-03-13 14:00:00,north,45.071014,7.678686,15.923,82.89,1.0287,89.3,0,train
10303,2025-03-13 15:00:00,north,45.07441,7.687395,17.103,73.01,0.966,89.9,0,train
10304,2025-03-13 16:00:00,harbour,45.049308,7.612371,20.102,79.34,1.0319,90.2,0,train
10305,2025-03-13 17:00:00,harbour,45.040283,7.613268,19.938,76.51,0.9805,92.0,0,train
10306,2025-03-13 18:00:00,north,45.074911,7.683529,16.408,75.5,1.0312,91.8,0,train
10307,2025-03-13 19:00:00,north,45.068338,7.688623,13.432,81.46,1.0113,89.7,0,train
10308,2025-03-13 20:00:00,harbour,45.04307,7.615325,19.905,68.64,0.9458,91.6,0,train
10309,2025-03-13 21:00:00,north,45.065981,7.682741,15.863,78.35,1.0019,90.2,0,train
10310,2025-03-13 22:00:00,north,45.066657,7.687832,18.225,77.37,1.0092,90.7,0,train
10311,2025-03-13 23:00:00,harbour,45.042374,7.61609,22.441,72.0,0.9657,88.5,0,train
10312,2025-03-14 00:00:00,harbour,45.037126,7.615905,23.007,68.08,0.9951,91.7,0,train
10313,2025-03-14 01:00:00,hill,45.107262,7.730668,16.354,74.41,,89.7,0,train
10314,2025-03-14 02:00:00,north,45.067511,7.681151,23.279,64.2,1.0627,92.8,0,train
10315,2025-03-14 03:00:00,harbour,45.041023,7.612322,24.326,61.48,1.0041,87.5,1,train
10316,2025-03-14 04:00:00,north,45.069379,7.681008,20.254,69.91,0.887,92.6,0,train
10317,2025-03-14 05:00:00,north,45.06838,7.698531,22.779,69.91,1.0385,87.9,0,train
10318,2025-03-14 06:00:00,harbour,45.041237,7.608143,23.747,63.8,1.0931,91.1,0,train
10319,2025-03-14 07:00:00,north,45.07403,7.682197,23.825,63.29,0.9893,88.0,0,train
10320,2025-03-14 08:00:00,north,45.082134,7.689307,22.517,63.61,0.958,88.4,0,train
10321,2025-03-14 09:00:00,north,45.064966,7.683772,22.352,70.38,1.0162,91.6,0,train
10322,2025-03-14 10:00:00,north,45.070914,7.674485,21.386,68.4,1.0116,86.9,0,train
10323,2025-03-14 11:00:00,north,45.069011,7.685332,19.916,64.99,1.0452,92.0,0,train
10324,2025-03-14 12:00:00,harbour,45.03706,7.607154,20.709,74.83,0.9696,94.3,0,train
10325,2025-03-14 13:00:00,hill,45.104859,7.732422,14.17,83.79,1.0886,91.5,0,train
10326,2025-03-14 14:00:00,north,45.066199,7.678008,17.672,74.71,1.0469,86.9,0,train
10327,2025-03-14 15:00:00,north,45.069401,7.681497,16.176,75.32,0.9503,91.3,0,train
10328,2025-03-14 16:00:00,harbour,45.045673,7.611129,19.795,71.52,,89.8,0,train
10329,2025-03-14 17:00:00,north,45.06163,7.685534,14.827,74.91,0.9947,90.3,0,train
10330,2025-03-14 18:00:00,north,45.070704,7.680389,14.607,82.95,1.0359,89.9,0,train
10331,2025-03-14 19:00:00,north,45.071501,7.682329,15.902,82.67,1.0194,92.1,0,train
10332,2025-03-14 20:00:00,north,45.065884,7.68164,16.707,80.11,,93.3,0,train
10333,2025-03-14 21:00:00,north,45.071809,7.686522,16.414,77.35,1.017,90.5,0,train
10334,2025-03-14 22:00:00,harbour,45.04212,7.611077,19.508,73.0,0.98,92.7,0,train
10335,2025-03-14 23:00:00,harbour,45.039318,7.605629,19.532,74.16,0.9643,88.9,0,train
10336,2025-03-15 00:00:00,harbour,45.045562,7.614958,24.382,72.09,0.9894,94.6,0,train
10337,2025-03-15 01:00:00,hill,45.098484,7.731326,15.261,74.82,0.9869,87.9,0,train
10338,2025-03-15 02:00:00,north,45.072286,7.687684,19.326,72.24,1.0208,87.6,0,train
10339,2025-03-15 03:00:00,harbour,45.039779,7.60723,23.646,63.51,1.0106,89.0,0,train
10340,2025-03-15 04:00:00,north,45.065488,7.687212,22.425,63.12,0.92,91.3,0,train
10341,2025-03-15 05:00:00,north,45.069003,7.685145,20.944,71.39,1.043,91.7,0,train
10342,2025-03-15 06:00:00,hill,45.102317,7.735,19.477,76.64,0.999,86.5,0,train
10343,2025-03-15 07:00:00,harbour,45.043989,7.614209,25.593,59.3,1.0441,90.1,1,train
10344,2025-03-15 08:00:00,hill,45.097733,7.736884,17.206,79.24,1.0353,90.4,0,train
10345,2025-03-15 09:00:00,hill,45.102935,7.735532,18.117,76.7,,94.7,0,train
10346,2025-03-15 10:00:00,hill,45.101891,7.73552,15.948,78.91,,89.0,0,train
10347,2025-03-15 11:00:00,north,45.076004,7.679439,19.335,77.76,0.9295,86.7,0,train
10348,2025-03-15 12:00:00,north,45.06524,7.685366,19.489,69.45,1.0788,86.1,0,train
10349,2025-03-15 13:00:00,north,45.073946,7.674899,17.597,81.2,1.0982,89.1,0,train
10350,2025-03-15 14:00:00,north,45.062684,7.674649,16.091,75.41,1.0332,90.5,0,train
10351,2025-03-15 15:00:00,harbour,45.042083,7.61017,19.465,74.29,0.9756,89.9,0,train
10352,2025-03-15 16:00:00,north,45.06916,7.684609,15.71,71.19,1.0362,89.2,0,train
10353,2025-03-15 17:00:00,harbour,45.042213,7.619086,19.459,76.03,0.9845,87.8,0,train
10354,2025-03-15 18:00:00,harbour,45.037887,7.614996,16.484,76.41,1.0829,89.2,0,train
10355,2025-03-15 19:00:00,north,45.061892,7.691185,13.582,78.09,0.9796,89.4,0,train
10356,2025-03-15 20:00:00,harbour,45.034511,7.610194,19.945,67.32,0.9435,94.4,0,train
10357,2025-03-15 21:00:00,north,45.074938,7.687913,16.291,77.36,0.9603,89.1,0,train
10358,2025-03-15 22:00:00,north,45.070537,7.691478,17.093,80.75,0.9645,87.0,0,train
10359,2025-03-15 23:00:00,harbour,45.037224,7.614352,21.585,71.26,1.0376,88.3,0,train
10360,2025-03-16 00:00:00,harbour,45.044276,7.613502,22.004,67.19,0.9994,88.7,0,train
10361,2025-03-16 01:00:00,north,45.066693,7.686277,19.016,69.66,1.0155,84.8,0,train
10362,2025-03-16 02:00:00,north,45.066715,7.681238,20.4,66.6,0.9847,89.0,0,train
10363,2025-03-16 03:00:00,hill,45.098816,7.730376,18.669,71.9,,89.4,0,train
10364,2025-03-16 04:00:00,north,45.074374,7.678728,21.823,62.37,1.0025,89.3,0,train
10365,2025-03-16 05:00:00,north,45.077512,7.687818,21.795,67.32,1.0128,86.9,0,train
10366,2025-03-16 06:00:00,north,45.065803,7.684475,20.748,74.68,1.0805,88.4,0,train
10367,2025-03-16 07:00:00,north,45.070813,7.682489,22.031,68.25,1.0168,89.5,0,train
10368,2025-03-16 08:00:00,hill,45.107563,7.736582,17.197,74.64,0.9758,90.5,0,train
10369,2025-03-16 09:00:00,north,45.078111,7.683002,20.217,68.62,0.9897,89.4,0,train
10370,2025-03-16 10:00:00,hill,45.094055,7.739998,17.451,77.75,,86.2,0,train
10371,2025-03-16 11:00:00,north,45.070208,7.695269,19.645,74.35,1.021,90.2,0,train
10372,2025-03-16 12:00:00,north,45.072222,7.688084,19.881,77.18,,91.9,0,train
10373,2025-03-16 13:00:00,harbour,45.034719,7.608455,22.324,65.27,,88.2,0,train
10374,2025-03-16 14:00:00,north,45.071267,7.678482,17.626,70.18,0.9291,83.5,0,train
10375,2025-03-16 15:00:00,north,45.070422,7.695805,16.082,74.36,0.8946,90.4,0,train
10376,2025-03-16 16:00:00,north,45.072524,7.688101,15.914,72.1,0.9529,90.8,0,train
10377,2025-03-16 17:00:00,north,45.067298,7.680073,15.346,77.61,0.9074,88.7,0,train
10378,2025-03-16 18:00:00,north,45.071298,7.691183,17.389,73.22,0.992,87.8,0,train
10379,2025-03-16 19:00:00,north,45.067204,7.677649,16.114,73.28,1.0035,90.9,0,train
10380,2025-03-16 20:00:00,hill,45.106048,7.732707,12.229,81.97,0.9885,90.3,0,train
10381,2025-03-16 21:00:00,north,45.070256,7.684711,15.528,81.57,0.9731,88.6,0,train
10382,2025-03-16 22:00:00,north,45.068114,7.684108,18.461,76.3,0.9491,88.2,0,train
10383,2025-03-16 23:00:00,harbour,45.034959,7.606258,20.44,68.15,1.0481,88.9,0,train
10384,2025-03-17 00:00:00,hill,45.110212,7.746729,16.116,76.86,0.9037,90.6,0,train
10385,2025-03-17 01:00:00,north,45.074055,7.683926,19.741,72.9,1.038,88.8,0,train
10386,2025-03-17 02:00:00,north,45.073138,7.687791,21.479,71.85,1.0146,86.1,0,train
10387,2025-03-17 03:00:00,harbour,45.037961,7.612071,23.534,64.94,0.9982,87.2,0,train
10388,2025-03-17 04:00:00,harbour,45.039217,7.603987,25.5,58.42,1.024,88.7,1,train
10389,2025-03-17 05:00:00,harbour,45.047299,7.609185,25.539,64.89,0.9239,89.1,0,train
10390,2025-03-17 06:00:00,north,45.072597,7.686938,22.798,63.47,1.0505,87.2,0,train
10391,2025-03-17 07:00:00,north,45.066213,7.690513,23.302,65.16,1.0271,89.8,0,train
10392,2025-03-17 08:00:00,harbour,45.040807,7.610198,25.119,63.02,,87.0,0,train
10393,2025-03-17 09:00:00,harbour,45.041188,7.613724,24.257,68.99,0.8986,90.2,0,train
10394,2025-03-17 10:00:00,hill,45.102825,7.733234,18.294,71.77,,91.6,0,train
10395,2025-03-17 11:00:00,harbour,45.036852,7.614825,21.54,69.76,0.9948,89.8,0,train
10396,2025-03-17 12:00:00,north,45.074647,7.673661,18.95,71.88,0.8864,88.3,0,train
10397,2025-03-17 13:00:00,north,45.071988,7.688891,16.852,73.47,0.9847,89.3,0,train
10398,2025-03-17 14:00:00,hill,45.102845,7.731838,12.837,84.81,1.0041,83.8,0,train
10399,2025-03-17 15:00:00,harbour,45.034344,7.609049,18.273,71.83,0.962,90.9,0,train
10400,2025-03-17 16:00:00,harbour,45.038305,7.597829,17.686,76.41,1.0205,86.2,0,train
10401,2025-03-17 17:00:00,harbour,45.040624,7.606653,20.067,72.31,1.0296,85.9,0,train
10402,2025-03-17 18:00:00,north,45.073117,7.688967,16.507,68.75,0.9789,87.0,0,train
10403,2025-03-17 19:00:00,north,45.06817,7.697389,15.783,70.57,,85.8,0,train
10404,2025-03-17 20:00:00,harbour,45.045086,7.608444,20.617,57.79,1.0397,87.6,0,train
10405,2025-03-17 21:00:00,harbour,45.041218,7.608658,20.037,72.39,0.9522,87.0,0,train
10406,2025-03-17 22:00:00,harbour,45.037682,7.614371,20.131,72.12,1.0263,87.4,0,train
10407,2025-03-17 23:00:00,hill,45.092492,7.736363,13.769,77.89,,89.9,0,train
10408,2025-03-18 00:00:00,hill,45.098969,7.732026,16.608,73.92,,88.3,0,train
10409,2025-03-18 01:00:00,north,45.063707,7.685109,20.489,69.3,1.0199,86.3,0,train
10410,2025-03-18 02:00:00,north,45.069067,7.684044,21.75,66.29,,87.0,0,train
10411,2025-03-18 03:00:00,hill,45.105007,7.738022,17.176,75.06,1.0423,85.7,0,train
10412,2025-03-18 04:00:00,north,45.07524,7.689892,21.248,69.37,0.9261,89.4,0,train
10413,2025-03-18 05:00:00,hill,45.103633,7.743691,17.411,71.33,,85.1,0,train
10414,2025-03-18 06:00:00,north,45.065053,7.690515,23.232,72.43,0.9584,86.4,0,train
10415,2025-03-18 07:00:00,harbour,45.050099,7.615275,26.152,66.69,0.9704,90.5,0,train
10416,2025-03-18 08:00:00,harbour,45.041938,7.612744,25.622,61.77,1.0497,86.6,1,train
10417,2025-03-18 09:00:00,hill,45.102641,7.739622,18.042,82.68,1.0696,87.5,0,train
10418,2025-03-18 10:00:00,hill,45.102648,7.730079,17.239,84.93,,88.2,0,train
10419,2025-03-18 11:00:00,north,45.064292,7.696689,19.234,77.3,1.0636,83.8,0,train
10420,2025-03-18 12:00:00,harbour,45.043246,7.613375,23.49,71.16,0.9808,87.5,0,train
10421,2025-03-18 13:00:00,harbour,45.0422,7.618998,20.792,67.85,0.9743,89.0,0,train
10422,2025-03-18 14:00:00,north,45.076063,7.682025,18.175,72.58,0.9241,87.4,0,train
10423,2025-03-18 15:00:00,hill,45.10812,7.740107,13.861,73.57,,88.2,0,train
10424,2025-03-18 16:00:00,harbour,45.044189,7.613978,18.451,71.79,1.0278,85.2,0,train
10425,2025-03-18 17:00:00,hill,45.108752,7.734062,11.154,87.58,,87.1,0,train
10426,2025-03-18 18:00:00,north,45.068585,7.682665,14.769,76.98,0.9335,86.3,0,train
10427,2025-03-18 19:00:00,harbour,45.03895,7.607612,19.189,65.73,0.9499,86.9,0,train
10428,2025-03-18 20:00:00,north,45.06953,7.694937,14.648,85.2,1.0252,84.2,0,train
10429,2025-03-18 21:00:00,harbour,45.035748,7.618064,20.743,78.12,1.0004,85.6,0,train
10430,2025-03-18 22:00:00,harbour,45.040164,7.612568,21.963,74.61,1.0556,87.8,0,train
10431,2025-03-18 23:00:00,harbour,45.039422,7.612968,22.092,62.27,1.0101,85.5,0,train
10432,2025-03-19 00:00:00,north,45.07242,7.682381,16.992,78.83,0.9656,87.8,0,train
10433,2025-03-19 01:00:00,harbour,45.04069,7.602859,20.607,67.14,0.9417,89.8,0,train
10434,2025-03-19 02:00:00,north,45.062119,7.677083,21.38,68.82,1.0004,87.2,0,train
10435,2025-03-19 03:00:00,hill,45.103878,7.731971,19.72,74.5,1.0823,86.9,0,train
10436,2025-03-19 04:00:00,harbour,45.046424,7.611228,24.676,70.89,1.0997,87.9,0,train
10437,2025-03-19 05:00:00,harbour,45.033422,7.606163,26.0,60.41,,84.8,1,train
10438,2025-03-19 06:00:00,north,45.066729,7.689968,21.749,67.47,1.0263,85.6,0,train
10439,2025-03-19 07:00:00,north,45.069838,7.688568,21.241,64.52,0.9645,84.4,0,train
10440,2025-03-19 08:00:00,hill,45.098468,7.7358,19.698,71.77,1.0137,84.9,0,train
10441,2025-03-19 09:00:00,north,45.06758,7.677233,20.512,66.7,0.8591,89.9,0,train
10442,2025-03-19 10:00:00,hill,45.104004,7.733927,18.376,71.6,0.9689,85.0,0,train
10443,2025-03-19 11:00:00,harbour,45.035506,7.611848,25.055,67.29,0.9101,86.4,0,train
10444,2025-03-19 12:00:00,hill,45.104964,7.72871,15.721,77.26,1.0731,85.7,0,train
10445,2025-03-19 13:00:00,north,45.071428,7.675101,20.067,71.71,0.9809,85.6,0,train
10446,2025-03-19 14:00:00,hill,45.098721,7.744551,12.828,82.48,1.0235,85.8,0,train
10447,2025-03-19 15:00:00,harbour,45.040906,7.615094,21.097,73.0,1.002,85.9,0,train
10448,2025-03-19 16:00:00,harbour,45.045121,7.610078,19.6,77.43,,87.0,0,train
10449,2025-03-19 17:00:00,harbour,45.040102,7.619968,22.069,63.76,1.0314,85.7,0,train
10450,2025-03-19 18:00:00,harbour,45.042552,7.617542,19.211,65.98,1.0545,87.1,0,train
10451,2025-03-19 19:00:00,north,45.072385,7.688233,14.91,80.52,,85.9,0,train
10452,2025-03-19 20:00:00,harbour,45.039876,7.613124,21.371,72.19,1.028,85.6,0,train
10453,2025-03-19 21:00:00,north,45.07375,7.689888,14.938,83.99,1.056,85.8,0,train
10454,2025-03-19 22:00:00,north,45.071363,7.693301,17.756,77.61,1.0291,89.5,0,train
10455,2025-03-19 23:00:00,harbour,45.036862,7.612346,20.714,77.27,0.9945,83.8,0,train
10456,2025-03-20 00:00:00,harbour,45.04292,7.610845,23.885,67.94,0.919,85.8,0,train
10457,2025-03-20 01:00:00,hill,45.107295,7.737904,16.594,73.55,,87.4,0,train
10458,2025-03-20 02:00:00,north,45.073059,7.671923,21.418,73.36,0.9624,87.1,0,train
10459,2025-03-20 03:00:00,hill,45.101268,7.735436,18.103,70.4,,84.1,0,train
10460,2025-03-20 04:00:00,hill,45.105687,7.732963,17.451,72.14,1.0677,83.8,0,train
10461,2025-03-20 05:00:00,hill,45.109343,7.73491,16.623,77.69,,85.8,0,train
10462,2025-03-20 06:00:00,hill,45.104779,7.734076,21.04,68.85,1.0505,88.2,0,train
10463,2025-03-20 07:00:00,north,45.074599,7.687682,22.235,71.95,0.8813,87.4,0,train
10464,2025-03-20 08:00:00,north,45.075068,7.68652,20.401,69.27,1.0149,85.7,0,train
10465,2025-03-20 09:00:00,north,45.069724,7.686335,20.812,77.53,0.942,85.2,0,train
10466,2025-03-20 10:00:00,north,45.072516,7.685335,21.574,65.02,1.0481,85.4,0,train
10467,2025-03-20 11:00:00,north,45.068715,7.688269,18.093,76.83,1.0643,85.5,0,train
10468,2025-03-20 12:00:00,north,45.074153,7.68346,21.379,67.54,1.0576,83.0,0,train
10469,2025-03-20 13:00:00,north,45.069521,7.690909,17.797,80.1,1.0414,83.0,0,train
10470,2025-03-20 14:00:00,hill,45.101687,7.726584,13.898,77.57,1.0588,85.5,0,train
10471,2025-03-20 15:00:00,north,45.069787,7.687015,18.045,77.15,1.0917,89.4,0,train
10472,2025-03-20 16:00:00,harbour,45.040602,7.614258,19.861,58.83,0.9763,86.1,0,train
10473,2025-03-20 17:00:00,harbour,45.042423,7.605643,18.216,70.89,1.081,82.2,0,train
10474,2025-03-20 18:00:00,harbour,45.042759,7.609848,20.209,77.7,0.9865,83.4,0,train
10475,2025-03-20 19:00:00,hill,45.099241,7.741617,13.309,81.5,,85.4,0,train
10476,2025-03-20 20:00:00,north,45.067296,7.68534,17.37,75.39,1.0329,83.6,0,train
10477,2025-03-20 21:00:00,harbour,45.042344,7.607587,19.137,76.14,1.0413,85.9,0,train
10478,2025-03-20 22:00:00,north,45.071832,7.671095,16.076,86.54,1.0194,84.0,0,train
10479,2025-03-20 23:00:00,north,45.070254,7.687701,18.769,68.68,,83.9,0,train
10480,2025-03-21 00:00:00,north,45.080451,7.686509,18.436,73.24,1.0341,82.8,0,train
10481,2025-03-21 01:00:00,north,45.074397,7.689049,17.381,73.2,0.9924,86.2,0,train
10482,2025-03-21 02:00:00,north,45.069623,7.696246,19.872,74.39,1.1264,86.0,0,train
10483,2025-03-21 03:00:00,harbour,45.043847,7.61198,25.366,61.04,1.0216,86.1,1,train
10484,2025-03-21 04:00:00,north,45.075291,7.686668,20.892,63.86,1.0244,86.6,0,train
10485,2025-03-21 05:00:00,north,45.071407,7.682568,23.411,60.48,0.9784,85.0,0,train
10486,2025-03-21 06:00:00,hill,45.096968,7.734691,18.567,76.05,,87.6,0,train
10487,2025-03-21 07:00:00,north,45.070345,7.685855,21.905,69.57,1.0875,83.2,0,train
10488,2025-03-21 08:00:00,north,45.070165,7.689775,19.911,74.97,0.9685,86.6,0,train
10489,2025-03-21 09:00:00,north,45.078499,7.688769,20.308,64.53,0.9861,84.3,0,train
10490,2025-03-21 10:00:00,hill,45.096623,7.73118,17.317,71.52,,84.2,0,train
10491,2025-03-21 11:00:00,harbour,45.047165,7.609622,23.886,63.76,1.0002,83.8,0,train
10492,2025-03-21 12:00:00,harbour,45.04036,7.618893,22.631,71.13,1.0842,86.2,0,train
10493,2025-03-21 13:00:00,hill,45.107715,7.730201,16.263,78.42,0.944,85.4,0,train
10494,2025-03-21 14:00:00,north,45.068827,7.689736,14.941,77.79,0.9838,87.2,0,train
10495,2025-03-21 15:00:00,hill,45.104702,7.74312,13.694,76.19,,83.2,0,train
10496,2025-03-21 16:00:00,north,45.074532,7.689268,16.0,77.76,0.989,85.4,0,train
10497,2025-03-21 17:00:00,harbour,45.041348,7.613266,18.195,72.02,0.964,83.1,0,train
10498,2025-03-21 18:00:00,harbour,45.045232,7.618823,19.188,76.11,0.9847,86.0,0,train
10499,2025-03-21 19:00:00,harbour,45.040695,7.613768,18.527,80.49,0.9467,87.7,0,train
10500,2025-03-21 20:00:00,north,45.068383,7.685955,16.636,76.6,1.0128,83.1,0,train
10501,2025-03-21 21:00:00,harbour,45.04015,7.610985,19.797,67.19,1.0506,87.0,0,train
10502,2025-03-21 22:00:00,north,45.068017,7.691741,17.897,83.93,1.0404,82.9,0,train
10503,2025-03-21 23:00:00,north,45.069551,7.689476,17.116,78.01,,87.7,0,train
10504,2025-03-22 00:00:00,hill,45.109484,7.742723,17.339,77.3,,85.1,0,train
10505,2025-03-22 01:00:00,hill,45.099358,7.733321,17.212,75.79,,85.9,0,train
10506,2025-03-22 02:00:00,harbour,45.034399,7.610435,26.008,63.71,1.0589,82.6,0,train
10507,2025-03-22 03:00:00,harbour,45.040971,7.60982,24.566,65.41,0.9583,87.9,0,train
10508,2025-03-22 04:00:00,hill,45.110786,7.7364,18.173,75.04,,84.5,0,train
10509,2025-03-22 05:00:00,north,45.074238,7.682537,22.195,62.33,1.0359,83.8,0,train
10510,2025-03-22 06:00:00,hill,45.109346,7.739628,18.643,70.46,,86.5,0,train
10511,2025-03-22 07:00:00,north,45.07506,7.687693,20.906,69.8,0.9549,83.1,0,train
10512,2025-03-22 08:00:00,north,45.067145,7.681091,21.748,69.58,1.0161,84.1,0,train
10513,2025-03-22 09:00:00,harbour,45.041539,7.597175,24.653,65.71,1.0241,83.8,0,train
10514,2025-03-22 10:00:00,harbour,45.030425,7.602868,23.349,68.48,0.9847,83.0,0,train
10515,2025-03-22 11:00:00,harbour,45.038634,7.619189,22.871,60.09,1.0196,86.6,0,train
10516,2025-03-22 12:00:00,harbour,45.043504,7.611691,21.397,65.6,0.9769,87.7,0,train
10517,2025-03-22 13:00:00,north,45.06385,7.686733,18.3,71.13,1.0661,82.6,0,train
10518,2025-03-22 14:00:00,harbour,45.032837,7.609871,19.393,72.82,0.9217,87.5,0,train
10519,2025-03-22 15:00:00,hill,45.098888,7.736964,15.577,76.86,,86.5,0,train
10520,2025-03-22 16:00:00,harbour,45.041964,7.602389,19.738,79.77,0.9766,83.7,0,train
10521,2025-03-22 17:00:00,hill,45.108765,7.724989,13.925,78.42,,85.6,0,train
10522,2025-03-22 18:00:00,harbour,45.051449,7.603809,17.956,73.33,0.9569,88.2,0,train
10523,2025-03-22 19:00:00,hill,45.109832,7.735323,13.269,74.64,,83.1,0,train
10524,2025-03-22 20:00:00,north,45.064052,7.689508,16.065,84.28,1.0777,83.2,0,train
10525,2025-03-22 21:00:00,hill,45.09484,7.737361,14.804,79.05,,82.3,0,train
10526,2025-03-22 22:00:00,north,45.070729,7.685355,18.347,73.3,1.0232,88.2,0,train
10527,2025-03-22 23:00:00,hill,45.108375,7.728581,13.356,78.15,,86.2,0,train
10528,2025-03-23 00:00:00,north,45.063672,7.689967,20.256,71.43,1.018,82.6,0,train
10529,2025-03-23 01:00:00,harbour,45.039062,7.610574,21.676,67.69,0.9871,83.9,0,train
10530,2025-03-23 02:00:00,hill,45.102361,7.734882,19.071,77.63,,85.4,0,train
10531,2025-03-23 03:00:00,harbour,45.041306,7.611613,24.7,61.62,1.0722,83.6,1,train
10532,2025-03-23 04:00:00,harbour,45.04046,7.609638,23.95,64.17,0.9718,86.3,0,train
10533,2025-03-23 05:00:00,hill,45.106254,7.731362,19.869,69.5,,84.2,0,train
10534,2025-03-23 06:00:00,north,45.074428,7.683025,22.244,70.68,1.0961,86.4,0,train
10535,2025-03-23 07:00:00,north,45.070492,7.67952,21.001,71.38,,84.7,0,train
10536,2025-03-23 08:00:00,harbour,45.044215,7.613222,24.462,69.16,1.0142,84.4,0,train
10537,2025-03-23 09:00:00,hill,45.112193,7.734111,18.797,75.32,,82.8,0,train
10538,2025-03-23 10:00:00,harbour,45.037139,7.617067,22.598,70.12,1.0328,84.6,0,train
10539,2025-03-23 11:00:00,north,45.066043,7.67692,18.889,73.24,1.0353,85.5,0,train
10540,2025-03-23 12:00:00,north,45.072278,7.691839,21.056,73.62,1.0093,80.8,0,train
10541,2025-03-23 13:00:00,north,45.077657,7.685619,17.339,77.13,0.955,85.0,0,train
10542,2025-03-23 14:00:00,harbour,45.041923,7.611165,21.325,70.95,0.9562,86.3,0,train
10543,2025-03-23 15:00:00,harbour,45.045633,7.607949,20.749,63.97,1.0069,85.6,0,train
10544,2025-03-23 16:00:00,harbour,45.040035,7.607892,20.809,68.45,1.0939,84.6,0,train
10545,2025-03-23 17:00:00,north,45.073938,7.678507,16.902,73.03,,83.4,0,train
10546,2025-03-23 18:00:00,hill,45.101774,7.739471,10.038,78.1,,81.7,0,train
10547,2025-03-23 19:00:00,north,45.072987,7.684908,15.4,83.16,,82.0,0,train
10548,2025-03-23 20:00:00,north,45.071877,7.689565,17.564,80.69,0.9746,83.0,0,train
10549,2025-03-23 21:00:00,north,45.071882,7.690116,15.894,81.57,1.0145,81.6,0,train
10550,2025-03-23 22:00:00,hill,45.109819,7.73248,16.445,78.73,0.9977,83.9,0,train
10551,2025-03-23 23:00:00,north,45.074592,7.684788,18.481,79.56,,82.7,0,train
10552,2025-03-24 00:00:00,north,45.067934,7.684254,17.688,67.95,,83.0,0,train
10553,2025-03-24 01:00:00,hill,45.10788,7.740115,17.492,80.08,,85.9,0,train
10554,2025-03-24 02:00:00,north,45.063551,7.686638,22.79,59.4,,83.9,0,train
10555,2025-03-24 03:00:00,hill,45.108314,7.735825,17.564,75.49,,84.9,0,train
10556,2025-03-24 04:00:00,north,45.081366,7.689587,22.433,68.51,1.0106,80.2,0,train
10557,2025-03-24 05:00:00,hill,45.106499,7.734605,18.161,76.07,,84.6,0,train
10558,2025-03-24 06:00:00,north,45.072419,7.696205,21.602,71.82,0.8963,81.9,0,train
10559,2025-03-24 07:00:00,north,45.070651,7.681346,22.268,71.12,1.0072,86.5,0,train
10560,2025-03-24 08:00:00,harbour,45.044737,7.618258,25.892,60.37,0.9494,80.5,1,train
10561,2025-03-24 09:00:00,hill,45.102615,7.742011,18.708,70.52,,81.9,0,train
10562,2025-03-24 10:00:00,hill,45.107115,7.72928,17.891,71.03,1.0236,84.9,0,train
10563,2025-03-24 11:00:00,harbour,45.040354,7.616305,26.051,63.47,1.0302,87.3,0,train
10564,2025-03-24 12:00:00,hill,45.102753,7.736397,14.863,77.23,,80.5,0,train
10565,2025-03-24 13:00:00,hill,45.104956,7.739348,13.176,74.58,0.9787,82.8,0,train
10566,2025-03-24 14:00:00,harbour,45.041228,7.605988,21.585,73.05,0.9877,81.8,0,train
10567,2025-03-24 15:00:00,north,45.063532,7.687215,17.013,71.01,0.9494,86.3,0,train
10568,2025-03-24 16:00:00,hill,45.112787,7.730098,11.709,81.05,1.0785,87.1,0,train
10569,2025-03-24 17:00:00,north,45.071046,7.684341,17.889,71.38,1.0879,83.7,0,train
10570,2025-03-24 18:00:00,north,45.063707,7.693099,15.097,75.27,0.9921,84.9,0,train
10571,2025-03-24 19:00:00,harbour,45.045804,7.611325,17.924,76.64,,82.0,0,train
10572,2025-03-24 20:00:00,north,45.070382,7.67474,16.773,73.14,1.0399,81.0,0,train
10573,2025-03-24 21:00:00,north,45.071315,7.679005,17.527,69.1,,84.1,0,train
10574,2025-03-24 22:00:00,north,45.073327,7.6803,20.091,68.61,1.0469,82.2,0,train
10575,2025-03-24 23:00:00,harbour,45.037919,7.617079,20.055,67.18,1.0345,84.5,0,train
10576,2025-03-25 00:00:00,harbour,45.029725,7.608511,21.174,63.58,1.009,82.5,0,train
10577,2025-03-25 01:00:00,hill,45.104101,7.727214,16.612,79.8,0.9289,85.5,0,train
10578,2025-03-25 02:00:00,hill,45.105469,7.740583,17.204,79.94,0.9715,82.7,0,train
10579,2025-03-25 03:00:00,hill,45.108512,7.736253,18.272,68.02,,82.9,0,train
10580,2025-03-25 04:00:00,harbour,45.038474,7.613712,24.579,71.27,0.9996,84.7,0,train
10581,2025-03-25 05:00:00,harbour,45.040434,7.608005,23.959,73.2,0.9867,83.2,0,train
10582,2025-03-25 06:00:00,harbour,45.043099,7.619138,25.301,58.4,0.9457,85.4,1,train
10583,2025-03-25 07:00:00,north,45.069236,7.685386,22.976,68.9,0.9389,81.6,0,train
10584,2025-03-25 08:00:00,north,45.069504,7.676131,22.748,66.42,1.0671,81.0,0,train
10585,2025-03-25 09:00:00,harbour,45.042521,7.60631,24.138,68.93,0.9256,84.4,0,train
10586,2025-03-25 10:00:00,north,45.066517,7.681787,21.302,57.78,1.0372,83.6,0,train
10587,2025-03-25 11:00:00,harbour,45.047837,7.611195,23.894,68.44,1.0061,81.5,0,train
10588,2025-03-25 12:00:00,harbour,45.037811,7.615823,22.062,67.02,1.0623,80.5,0,train
10589,2025-03-25 13:00:00,north,45.070644,7.682365,17.894,76.25,0.9203,81.3,0,train
10590,2025-03-25 14:00:00,harbour,45.04018,7.608996,21.065,73.45,1.0062,82.4,0,train
10591,2025-03-25 15:00:00,north,45.067665,7.697021,19.956,61.97,1.0626,82.0,0,train
10592,2025-03-25 16:00:00,north,45.072637,7.686413,16.529,76.04,,80.3,0,train
10593,2025-03-25 17:00:00,north,45.074539,7.683356,15.042,78.32,0.9307,80.7,0,train
10594,2025-03-25 18:00:00,north,45.076317,7.686165,15.745,79.76,0.904,83.4,0,train
10595,2025-03-25 19:00:00,north,45.072821,7.679739,15.414,82.37,0.966,84.4,0,train
10596,2025-03-25 20:00:00,harbour,45.039698,7.614675,21.119,72.86,1.0512,85.2,0,train
10597,2025-03-25 21:00:00,north,45.07394,7.690841,14.466,76.04,1.0767,80.8,0,train
10598,2025-03-25 22:00:00,north,45.06471,7.683088,16.315,79.39,1.0038,80.1,0,train
10599,2025-03-25 23:00:00,harbour,45.041681,7.617007,22.726,64.54,1.045,83.2,0,train
10600,2025-03-26 00:00:00,hill,45.106572,7.733546,16.599,79.24,,81.5,0,train
10601,2025-03-26 01:00:00,north,45.072736,7.687441,19.996,70.7,1.031,83.5,0,train
10602,2025-03-26 02:00:00,north,45.065866,7.682292,21.538,68.52,0.9593,83.8,0,train
10603,2025-03-26 03:00:00,north,45.064476,7.681996,19.928,72.03,1.0371,81.3,0,train
10604,2025-03-26 04:00:00,north,45.077107,7.678504,22.319,61.76,0.951,81.7,0,train
10605,2025-03-26 05:00:00,north,45.068408,7.687098,20.969,68.75,1.0067,78.9,0,train
10606,2025-03-26 06:00:00,north,45.063858,7.684579,20.92,65.31,1.0407,78.9,0,train
10607,2025-03-26 07:00:00,north,45.065483,7.684732,22.794,71.2,1.0549,83.2,0,train
10608,2025-03-26 08:00:00,north,45.070487,7.680355,21.035,75.04,0.9954,85.7,0,train
10609,2025-03-26 09:00:00,harbour,45.046147,7.60616,24.518,59.27,1.0576,78.6,1,train
10610,2025-03-26 10:00:00,harbour,45.041409,7.608839,24.95,55.46,1.0772,79.0,1,train
10611,2025-03-26 11:00:00,north,45.075215,7.688348,18.824,74.0,1.0497,80.8,0,train
10612,2025-03-26 12:00:00,north,45.071311,7.687505,19.837,69.33,0.9994,83.0,0,train
10613,2025-03-26 13:00:00,north,45.072287,7.682588,20.83,66.49,1.0173,78.1,0,train
10614,2025-03-26 14:00:00,north,45.074331,7.687468,17.342,84.28,1.003,81.6,0,train
10615,2025-03-26 15:00:00,north,45.068883,7.694788,17.971,72.56,1.0047,84.1,0,train
10616,2025-03-26 16:00:00,harbour,45.042566,7.612529,20.755,66.21,1.0382,77.2,0,train
10617,2025-03-26 17:00:00,hill,45.102824,7.745109,11.671,81.94,1.0565,79.3,0,train
10618,2025-03-26 18:00:00,harbour,45.038821,7.614167,17.953,75.41,1.0029,82.7,0,train
10619,2025-03-26 19:00:00,north,45.07299,7.692656,16.088,83.18,1.0393,83.5,0,train
10620,2025-03-26 20:00:00,north,45.067074,7.683356,14.033,80.98,1.0149,79.8,0,train
10621,2025-03-26 21:00:00,north,45.070674,7.691869,16.965,70.62,1.0102,83.0,0,train
10622,2025-03-26 22:00:00,north,45.067183,7.680077,17.869,72.41,0.954,83.1,0,train
10623,2025-03-26 23:00:00,north,45.069985,7.687215,18.877,80.34,1.0213,78.6,0,train
10624,2025-03-27 00:00:00,harbour,45.039226,7.610325,23.187,59.96,,81.0,0,train
10625,2025-03-27 01:00:00,north,45.074706,7.676016,21.501,69.1,1.0168,80.1,0,train
10626,2025-03-27 02:00:00,north,45.070639,7.679175,20.421,75.52,1.0524,80.6,0,train
10627,2025-03-27 03:00:00,harbour,45.041622,7.617657,26.459,63.43,1.0397,81.6,0,train
10628,2025-03-27 04:00:00,harbour,45.047897,7.614448,26.059,62.06,1.0379,79.0,0,train
10629,2025-03-27 05:00:00,harbour,45.029712,7.618472,26.378,58.92,0.9773,77.5,1,train
10630,2025-03-27 06:00:00,hill,45.09981,7.735973,19.23,73.12,0.9228,78.4,0,train
10631,2025-03-27 07:00:00,north,45.059297,7.671481,23.36,68.8,0.9829,78.5,0,train
10632,2025-03-27 08:00:00,north,45.070217,7.687244,21.141,70.7,1.0013,80.6,0,train
10633,2025-03-27 09:00:00,harbour,45.042988,7.609145,25.78,67.42,1.0117,82.7,0,train
10634,2025-03-27 10:00:00,harbour,45.0438,7.609472,25.555,64.45,1.0691,79.9,0,train
10635,2025-03-27 11:00:00,hill,45.10529,7.732741,16.298,81.78,,79.5,0,train
10636,2025-03-27 12:00:00,hill,45.10072,7.731156,15.157,78.76,1.0728,79.9,0,train
10637,2025-03-27 13:00:00,harbour,45.048212,7.607188,21.047,73.6,0.9821,82.3,0,train
10638,2025-03-27 14:00:00,harbour,45.042412,7.618195,21.075,68.61,0.9484,80.5,0,train
10639,2025-03-27 15:00:00,harbour,45.040141,7.614217,20.864,77.2,1.0448,80.8,0,train
10640,2025-03-27 16:00:00,north,45.065692,7.682715,17.429,80.06,0.9464,79.4,0,train
10641,2025-03-27 17:00:00,harbour,45.042852,7.609871,21.746,71.76,0.9244,80.6,0,train
10642,2025-03-27 18:00:00,north,45.068198,7.69085,17.836,70.5,0.9744,79.9,0,train
10643,2025-03-27 19:00:00,north,45.068357,7.687884,16.445,77.17,1.0186,82.8,0,train
10644,2025-03-27 20:00:00,north,45.070978,7.686954,16.03,65.21,1.0562,80.7,0,train
10645,2025-03-27 21:00:00,north,45.071015,7.679845,15.63,76.1,1.0024,82.9,0,train
10646,2025-03-27 22:00:00,hill,45.100855,7.732803,15.555,78.32,1.0467,81.4,0,train
10647,2025-03-27 23:00:00,harbour,45.046146,7.606297,22.487,64.48,1.0009,81.0,0,train
10648,2025-03-28 00:00:00,harbour,45.037119,7.602388,22.43,68.68,0.9214,77.2,0,train
10649,2025-03-28 01:00:00,north,45.065656,7.690441,19.887,74.27,0.9475,80.1,0,train
10650,2025-03-28 02:00:00,north,45.07135,7.684328,20.714,77.71,0.9193,78.6,0,train
10651,2025-03-28 03:00:00,north,45.070623,7.683906,18.639,73.42,0.9918,82.3,0,train
10652,2025-03-28 04:00:00,harbour,45.041389,7.607163,25.457,57.53,0.8986,81.0,1,train
10653,2025-03-28 05:00:00,hill,45.102458,7.738748,19.704,62.45,,81.1,0,train
10654,2025-03-28 06:00:00,harbour,45.04127,7.622426,25.814,62.66,0.9603,80.0,0,train
10655,2025-03-28 07:00:00,hill,45.101845,7.737886,18.161,77.64,,82.8,0,train
10656,2025-03-28 08:00:00,north,45.063499,7.690609,22.079,73.05,1.0276,76.4,0,train
10657,2025-03-28 09:00:00,harbour,45.044033,7.605734,25.554,64.08,0.9824,81.6,0,train
10658,2025-03-28 10:00:00,north,45.066036,7.68684,22.865,64.8,1.0109,79.4,0,train
10659,2025-03-28 11:00:00,harbour,45.040171,7.613053,24.77,61.97,0.9888,78.2,1,train
10660,2025-03-28 12:00:00,north,45.073009,7.69341,19.924,71.01,,78.7,0,train
10661,2025-03-28 13:00:00,harbour,45.041179,7.612006,21.879,69.21,0.9188,80.0,0,train
10662,2025-03-28 14:00:00,harbour,45.05205,7.60724,19.677,74.32,0.9005,80.6,0,train
10663,2025-03-28 15:00:00,north,45.064481,7.685626,16.484,76.88,0.9056,82.1,0,train
10664,2025-03-28 16:00:00,north,45.067083,7.683784,14.977,86.56,0.93,78.7,0,train
10665,2025-03-28 17:00:00,harbour,45.041427,7.619186,19.567,72.71,0.9829,78.5,0,train
10666,2025-03-28 18:00:00,harbour,45.046498,7.61528,20.762,72.4,1.0461,81.9,0,train
10667,2025-03-28 19:00:00,north,45.069075,7.687661,17.353,79.38,0.9881,82.0,0,train
10668,2025-03-28 20:00:00,north,45.06434,7.686851,17.516,78.76,0.9865,77.9,0,train
10669,2025-03-28 21:00:00,north,45.074638,7.690172,17.041,73.04,0.992,78.5,0,train
10670,2025-03-28 22:00:00,hill,45.100375,7.732497,15.787,70.89,,80.4,0,train
10671,2025-03-28 23:00:00,hill,45.103266,7.730359,15.153,73.06,0.9539,79.2,0,train
10672,2025-03-29 00:00:00,north,45.073583,7.676542,17.105,77.03,1.0299,81.0,0,train
10673,2025-03-29 01:00:00,hill,45.101377,7.74088,17.27,77.7,,78.2,0,train
10674,2025-03-29 02:00:00,hill,45.102245,7.737475,17.932,75.77,,78.4,0,train
10675,2025-03-29 03:00:00,north,45.072,7.689154,19.613,75.22,1.0256,85.5,0,train
10676,2025-03-29 04:00:00,north,45.069232,7.686152,21.474,74.64,1.0265,81.7,0,train
10677,2025-03-29 05:00:00,harbour,45.042191,7.62025,23.161,64.0,1.0373,82.7,0,train
10678,2025-03-29 06:00:00,north,45.066256,7.68103,21.966,79.02,0.9557,80.3,0,train
10679,2025-03-29 07:00:00,hill,45.103564,7.740954,20.738,81.16,,78.3,0,train
10680,2025-03-29 08:00:00,north,45.06567,7.681714,21.353,72.69,0.922,81.8,0,train
10681,2025-03-29 09:00:00,harbour,45.034804,7.609669,26.529,61.69,0.8951,82.5,1,train
10682,2025-03-29 10:00:00,harbour,45.048055,7.605843,24.658,66.03,0.9795,79.1,0,train
10683,2025-03-29 11:00:00,north,45.071847,7.686376,19.309,66.86,1.018,78.9,0,train
10684,2025-03-29 12:00:00,hill,45.107694,7.733471,14.33,79.57,,80.5,0,train
10685,2025-03-29 13:00:00,north,45.066154,7.688075,19.318,69.22,1.0153,79.2,0,train
10686,2025-03-29 14:00:00,north,45.069909,7.682986,18.454,73.32,1.0394,76.4,0,train
10687,2025-03-29 15:00:00,north,45.069201,7.678947,15.395,76.7,0.9109,80.6,0,train
10688,2025-03-29 16:00:00,harbour,45.035338,7.614746,19.574,80.42,0.9706,80.9,0,train
10689,2025-03-29 17:00:00,harbour,45.043206,7.618343,20.96,66.74,,75.8,0,train
10690,2025-03-29 18:00:00,north,45.067132,7.689585,15.287,79.38,0.9578,82.7,0,train
10691,2025-03-29 19:00:00,hill,45.103208,7.73463,13.67,78.78,1.0134,77.0,0,train
10692,2025-03-29 20:00:00,north,45.06395,7.68792,14.378,85.77,1.0259,76.7,0,train
10693,2025-03-29 21:00:00,hill,45.10799,7.726403,13.034,85.56,1.0126,77.3,0,train
10694,2025-03-29 22:00:00,north,45.073054,7.684222,18.535,67.47,,79.0,0,train
10695,2025-03-29 23:00:00,north,45.071587,7.691695,17.181,71.54,1.1108,78.8,0,train
10696,2025-03-30 00:00:00,north,45.06638,7.68819,17.723,75.85,1.0013,75.7,0,train
10697,2025-03-30 01:00:00,north,45.067861,7.681618,18.608,71.01,0.9989,79.1,0,train
10698,2025-03-30 02:00:00,north,45.074904,7.690168,20.512,72.63,1.0573,79.7,0,train
10699,2025-03-30 03:00:00,north,45.06891,7.685223,19.841,72.09,1.0869,77.5,0,train
10700,2025-03-30 04:00:00,hill,45.105084,7.738539,18.983,68.64,0.9534,74.3,0,train
10701,2025-03-30 05:00:00,harbour,45.041579,7.604844,26.552,61.17,0.9494,76.6,1,train
10702,2025-03-30 06:00:00,harbour,45.036542,7.60925,27.748,62.61,1.0641,77.4,0,train
10703,2025-03-30 07:00:00,north,45.076113,7.687509,21.987,68.47,1.053,80.2,0,train
10704,2025-03-30 08:00:00,hill,45.096081,7.736397,20.914,70.82,1.0396,77.7,0,train
10705,2025-03-30 09:00:00,harbour,45.041912,7.614651,25.734,65.02,0.9858,79.5,0,train
10706,2025-03-30 10:00:00,harbour,45.040666,7.61183,24.201,65.18,1.0305,84.2,0,train
10707,2025-03-30 11:00:00,hill,45.097545,7.733893,17.757,80.1,,78.6,0,train
10708,2025-03-30 12:00:00,harbour,45.042344,7.614241,24.545,60.11,0.9423,78.2,1,train
10709,2025-03-30 13:00:00,north,45.072097,7.690205,20.192,73.17,1.0744,80.3,0,train
10710,2025-03-30 14:00:00,north,45.070223,7.678314,18.598,71.43,0.937,81.0,0,train
10711,2025-03-30 15:00:00,hill,45.100705,7.733279,13.992,81.58,,81.1,0,train
10712,2025-03-30 16:00:00,harbour,45.042816,7.610869,21.016,73.52,1.0292,78.5,0,train
10713,2025-03-30 17:00:00,harbour,45.045475,7.612676,20.012,74.09,1.0137,76.0,0,train
10714,2025-03-30 18:00:00,north,45.070901,7.690943,16.351,79.37,0.945,74.7,0,train
10715,2025-03-30 19:00:00,north,45.076912,7.679252,16.564,79.42,0.9695,76.7,0,train
10716,2025-03-30 20:00:00,hill,45.107453,7.737549,15.618,79.83,1.0267,77.7,0,train
10717,2025-03-30 21:00:00,north,45.073095,7.677242,15.771,76.55,0.9769,75.9,0,train
10718,2025-03-30 22:00:00,hill,45.109579,7.731124,14.686,81.94,1.0786,75.3,0,train
10719,2025-03-30 23:00:00,harbour,45.038373,7.609283,20.828,74.3,0.9914,77.5,0,train
10720,2025-03-31 00:00:00,north,45.067934,7.684539,20.339,74.56,1.0868,77.3,0,train
10721,2025-03-31 01:00:00,north,45.072082,7.682834,21.445,70.66,0.9972,77.0,0,train
10722,2025-03-31 02:00:00,north,45.072097,7.683325,22.488,69.2,1.058,81.7,0,train
10723,2025-03-31 03:00:00,harbour,45.047057,7.610187,24.749,56.93,1.0193,79.9,1,train
10724,2025-03-31 04:00:00,harbour,45.045604,7.61054,25.715,60.27,1.0012,75.5,1,train
10725,2025-03-31 05:00:00,north,45.070725,7.676693,23.334,66.07,0.9318,79.8,0,train
10726,2025-03-31 06:00:00,north,45.070901,7.678903,22.793,71.65,,77.7,0,train
10727,2025-03-31 07:00:00,harbour,45.039929,7.60971,26.308,67.51,1.0015,76.3,0,train
10728,2025-03-31 08:00:00,north,45.068575,7.688523,22.385,68.77,1.0151,76.7,0,train
10729,2025-03-31 09:00:00,harbour,45.039232,7.616893,25.462,59.37,0.9711,83.1,1,train
10730,2025-03-31 10:00:00,hill,45.107659,7.749108,17.871,76.46,0.9515,77.6,0,train
10731,2025-03-31 11:00:00,harbour,45.039164,7.61243,24.22,69.58,0.9502,76.0,0,train
10732,2025-03-31 12:00:00,north,45.068632,7.681972,17.774,77.71,0.992,77.4,0,train
10733,2025-03-31 13:00:00,hill,45.104693,7.735781,15.109,75.57,,79.2,0,train
10734,2025-03-31 14:00:00,harbour,45.039011,7.615286,19.827,67.44,0.9802,77.9,0,train
10735,2025-03-31 15:00:00,harbour,45.040152,7.612585,20.548,67.14,0.9426,77.2,0,train
10736,2025-03-31 16:00:00,north,45.061343,7.680615,15.825,73.04,0.9559,75.8,0,train
10737,2025-03-31 17:00:00,harbour,45.042577,7.611393,20.42,74.95,0.9405,76.3,0,train
10738,2025-03-31 18:00:00,north,45.068868,7.685689,17.618,76.11,0.9167,74.8,0,train
10739,2025-03-31 19:00:00,north,45.070866,7.678884,14.945,87.26,0.9775,77.6,0,train
10740,2025-03-31 20:00:00,north,45.071583,7.679884,15.78,84.04,0.9639,78.5,0,train
10741,2025-03-31 21:00:00,north,45.0627,7.691868,17.526,79.04,0.9782,78.4,0,train
10742,2025-03-31 22:00:00,north,45.07975,7.674804,19.429,69.57,1.0881,77.3,0,train
10743,2025-03-31 23:00:00,north,45.070806,7.686737,19.459,74.93,1.0421,80.1,0,train
10744,2025-04-01 00:00:00,harbour,45.041919,7.610602,23.421,68.53,1.0671,78.2,0,train
10745,2025-04-01 01:00:00,harbour,45.034102,7.618802,23.693,60.7,,78.6,0,train
10746,2025-04-01 02:00:00,harbour,45.043768,7.614935,24.04,60.76,1.0096,75.2,1,train
10747,2025-04-01 03:00:00,hill,45.105966,7.730599,19.125,69.77,,76.6,0,train
10748,2025-04-01 04:00:00,north,45.068914,7.692166,22.765,72.7,0.9107,76.4,0,train
10749,2025-04-01 05:00:00,north,45.07138,7.683109,22.707,66.14,0.9195,79.4,0,train
10750,2025-04-01 06:00:00,north,45.075556,7.695801,21.992,63.15,0.9788,77.0,0,train
10751,2025-04-01 07:00:00,north,45.06912,7.694138,20.746,70.8,1.0199,76.9,0,train
10752,2025-04-01 08:00:00,north,45.066875,7.685507,21.268,72.14,1.106,76.8,0,train
10753,2025-04-01 09:00:00,north,45.075842,7.689751,21.289,64.82,0.993,80.2,0,train
10754,2025-04-01 10:00:00,north,45.071601,7.686822,19.753,79.52,0.9219,76.1,0,train
10755,2025-04-01 11:00:00,north,45.069848,7.681423,20.636,67.59,0.9783,75.6,0,train
10756,2025-04-01 12:00:00,harbour,45.050774,7.617198,21.366,73.83,1.0215,77.6,0,train
10757,2025-04-01 13:00:00,north,45.071218,7.688031,18.283,76.64,0.9401,77.0,0,train
10758,2025-04-01 14:00:00,harbour,45.040891,7.616145,21.742,66.09,0.9732,79.8,0,train
10759,2025-04-01 15:00:00,north,45.071653,7.69124,18.097,73.67,1.0214,79.4,0,train
10760,2025-04-01 16:00:00,north,45.068983,7.692954,16.954,75.81,1.0027,77.7,0,train
10761,2025-04-01 17:00:00,harbour,45.042444,7.617081,21.209,68.34,1.0183,76.7,0,train
10762,2025-04-01 18:00:00,north,45.071181,7.685498,15.599,80.66,1.0003,77.1,0,train
10763,2025-04-01 19:00:00,north,45.067955,7.686379,15.508,77.98,0.9964,79.7,0,train
10764,2025-04-01 20:00:00,harbour,45.040535,7.613998,21.402,62.53,1.0642,77.8,0,train
10765,2025-04-01 21:00:00,hill,45.105807,7.734354,13.224,81.32,,78.2,0,train
10766,2025-04-01 22:00:00,north,45.072091,7.684784,17.693,70.07,1.0102,72.2,0,train
10767,2025-04-01 23:00:00,harbour,45.043884,7.621196,20.214,70.22,1.0238,74.6,0,train
10768,2025-04-02 00:00:00,harbour,45.044688,7.614392,24.217,66.49,0.9954,76.5,0,train
10769,2025-04-02 01:00:00,harbour,45.042538,7.621369,24.597,64.57,0.9955,78.1,0,train
10770,2025-04-02 02:00:00,north,45.072603,7.682151,20.238,75.22,1.0183,78.1,0,train
10771,2025-04-02 03:00:00,hill,45.103007,7.734765,16.796,75.63,,77.0,0,train
10772,2025-04-02 04:00:00,north,45.069495,7.683815,22.529,65.82,1.1232,73.2,0,train
10773,2025-04-02 05:00:00,harbour,45.045667,7.610039,26.371,69.18,1.0112,76.9,0,train
10774,2025-04-02 06:00:00,harbour,45.033604,7.610541,27.475,63.95,1.0197,75.0,0,train
10775,2025-04-02 07:00:00,hill,45.105975,7.734366,21.631,68.63,1.1036,72.3,0,train
10776,2025-04-02 08:00:00,harbour,45.054127,7.609822,26.015,63.07,0.9547,74.7,0,train
10777,2025-04-02 09:00:00,hill,45.097063,7.743915,18.505,71.92,,75.7,0,train
10778,2025-04-02 10:00:00,north,45.076454,7.68933,20.823,70.63,1.0617,76.8,0,train
10779,2025-04-02 11:00:00,harbour,45.034407,7.608293,23.481,62.7,1.0107,78.0,0,train
10780,2025-04-02 12:00:00,harbour,45.04286,7.60928,21.469,76.49,0.9983,76.8,0,train
10781,2025-04-02 13:00:00,harbour,45.047884,7.615675,21.165,74.78,0.9598,76.4,0,train
10782,2025-04-02 14:00:00,harbour,45.047312,7.614682,21.295,60.6,1.0014,75.3,0,train
10783,2025-04-02 15:00:00,harbour,45.037716,7.608965,18.904,69.11,0.9659,76.3,0,train
10784,2025-04-02 16:00:00,north,45.065123,7.690566,15.265,77.88,1.0515,74.1,0,train
10785,2025-04-02 17:00:00,harbour,45.035554,7.604895,21.26,67.07,1.0281,77.7,0,train
10786,2025-04-02 18:00:00,north,45.073154,7.683649,15.551,69.09,,76.3,0,train
10787,2025-04-02 19:00:00,harbour,45.039708,7.62054,20.798,73.11,1.0569,78.3,0,train
10788,2025-04-02 20:00:00,harbour,45.041281,7.599085,21.45,64.61,0.9511,77.3,0,train
10789,2025-04-02 21:00:00,north,45.071279,7.684981,17.252,78.03,0.9587,75.4,0,train
10790,2025-04-02 22:00:00,harbour,45.042875,7.616882,22.328,70.01,1.0369,76.0,0,train
10791,2025-04-02 23:00:00,harbour,45.043366,7.611274,21.98,74.79,1.0142,76.1,0,train
10792,2025-04-03 00:00:00,north,45.07071,7.682125,18.54,69.88,0.945,76.2,0,train
10793,2025-04-03 01:00:00,north,45.063785,7.681586,20.22,78.47,0.9642,71.0,0,train
10794,2025-04-03 02:00:00,north,45.076024,7.67569,21.192,64.82,0.9892,74.2,0,train
10795,2025-04-03 03:00:00,harbour,45.03021,7.605428,25.415,69.89,0.9692,79.9,0,train
10796,2025-04-03 04:00:00,north,45.075134,7.686319,22.371,72.4,1.0106,76.2,0,train
10797,2025-04-03 05:00:00,north,45.067774,7.683173,22.174,70.15,,78.8,0,train
10798,2025-04-03 06:00:00,north,45.069391,7.685929,23.902,61.6,1.0242,74.9,0,train
10799,2025-04-03 07:00:00,harbour,45.039087,7.611252,25.898,69.69,0.9972,72.9,0,train
10800,2025-04-03 08:00:00,north,45.068694,7.687403,21.84,72.12,1.0177,75.3,0,train
10801,2025-04-03 09:00:00,hill,45.104082,7.726773,19.823,64.99,,75.2,0,train
10802,2025-04-03 10:00:00,north,45.069046,7.684467,20.027,60.94,1.0191,74.3,0,train
10803,2025-04-03 11:00:00,harbour,45.03677,7.610316,23.86,63.36,1.0172,78.2,0,train
10804,2025-04-03 12:00:00,north,45.073557,7.684451,21.173,66.33,1.0344,78.7,0,train
10805,2025-04-03 13:00:00,harbour,45.038838,7.607595,22.285,71.11,1.0171,74.4,0,train
10806,2025-04-03 14:00:00,north,45.075527,7.67514,19.518,72.67,0.9813,79.6,0,train
10807,2025-04-03 15:00:00,north,45.069542,7.689115,17.001,76.92,0.9971,77.6,0,train
10808,2025-04-03 16:00:00,harbour,45.038329,7.616023,19.716,69.78,1.0633,73.4,0,train
10809,2025-04-03 17:00:00,harbour,45.042899,7.623725,19.784,75.58,0.9875,77.7,0,train
10810,2025-04-03 18:00:00,harbour,45.044703,7.615606,19.238,70.2,1.0035,76.4,0,train
10811,2025-04-03 19:00:00,harbour,45.037455,7.620123,19.573,65.95,1.0771,75.7,0,train
10812,2025-04-03 20:00:00,north,45.069016,7.68894,16.305,66.92,1.0313,72.4,0,train
10813,2025-04-03 21:00:00,north,45.075858,7.684112,18.188,76.09,,76.4,0,train
10814,2025-04-03 22:00:00,north,45.066155,7.688447,18.409,71.21,0.9575,74.0,0,train
10815,2025-04-03 23:00:00,north,45.066749,7.680216,18.51,66.61,0.9568,79.1,0,train
10816,2025-04-04 00:00:00,harbour,45.041816,7.613195,22.244,64.75,1.0139,73.4,0,train
10817,2025-04-04 01:00:00,north,45.06529,7.685454,23.95,64.33,1.1031,72.5,0,train
10818,2025-04-04 02:00:00,north,45.060291,7.680772,20.955,72.9,0.913,76.3,0,train
10819,2025-04-04 03:00:00,north,45.063477,7.692044,23.392,58.1,0.9185,73.0,0,train
10820,2025-04-04 04:00:00,harbour,45.042645,7.617532,24.55,63.43,1.0273,78.3,0,train
10821,2025-04-04 05:00:00,north,45.072767,7.688284,21.857,71.84,1.0124,73.5,0,train
10822,2025-04-04 06:00:00,harbour,45.043517,7.616037,27.641,62.68,0.9525,76.7,0,train
10823,2025-04-04 07:00:00,harbour,45.04271,7.620152,24.964,67.83,1.0436,73.3,0,train
10824,2025-04-04 08:00:00,harbour,45.036216,7.611343,24.678,72.92,1.009,74.2,0,train
10825,2025-04-04 09:00:00,north,45.072858,7.679308,21.791,65.52,0.9766,75.5,0,train
10826,2025-04-04 10:00:00,north,45.074757,7.681289,20.386,68.53,0.9956,73.8,0,train
10827,2025-04-04 11:00:00,hill,45.101358,7.738459,17.099,79.91,,76.5,0,train
10828,2025-04-04 12:00:00,north,45.073919,7.687147,19.767,78.39,1.0143,73.7,0,train
10829,2025-04-04 13:00:00,harbour,45.039682,7.60465,23.231,68.39,0.9655,77.9,0,train
10830,2025-04-04 14:00:00,north,45.070912,7.692555,18.203,72.78,0.9448,76.8,0,train
10831,2025-04-04 15:00:00,harbour,45.042623,7.613078,21.165,65.26,0.9647,71.8,0,train
10832,2025-04-04 16:00:00,north,45.06421,7.694009,18.297,76.47,1.0171,79.0,0,train
10833,2025-04-04 17:00:00,north,45.076018,7.691615,18.079,75.68,1.0537,75.6,0,train
10834,2025-04-04 18:00:00,harbour,45.037733,7.60987,19.519,67.94,0.9686,73.3,0,train
10835,2025-04-04 19:00:00,north,45.069753,7.686501,14.471,77.22,0.9501,75.5,0,train
10836,2025-04-04 20:00:00,hill,45.102183,7.731392,12.728,77.82,1.0135,75.1,0,train
10837,2025-04-04 21:00:00,harbour,45.042991,7.60787,22.035,71.11,1.0531,76.5,0,train
10838,2025-04-04 22:00:00,north,45.071887,7.68456,17.489,74.53,0.981,76.6,0,train
10839,2025-04-04 23:00:00,harbour,45.041244,7.61452,21.509,74.51,1.0723,77.2,0,train
10840,2025-04-05 00:00:00,harbour,45.046816,7.618828,22.623,73.39,0.9618,72.3,0,train
10841,2025-04-05 01:00:00,hill,45.105291,7.73063,19.21,74.05,,75.3,0,train
10842,2025-04-05 02:00:00,north,45.068564,7.689528,21.29,74.63,1.0328,73.5,0,train
10843,2025-04-05 03:00:00,north,45.058643,7.686252,21.475,73.8,0.9178,71.6,0,train
10844,2025-04-05 04:00:00,north,45.069035,7.684974,21.628,75.42,1.0251,73.1,0,train
10845,2025-04-05 05:00:00,harbour,45.040002,7.617666,25.011,62.74,0.9888,72.5,0,train
10846,2025-04-05 06:00:00,harbour,45.037679,7.610318,29.451,60.99,0.9911,75.4,1,train
10847,2025-04-05 07:00:00,north,45.066721,7.692917,22.684,75.39,0.9643,74.0,0,train
10848,2025-04-05 08:00:00,north,45.072537,7.684441,22.576,70.76,1.0004,75.3,0,train
10849,2025-04-05 09:00:00,harbour,45.045344,7.607526,25.052,62.97,0.968,74.3,0,train
10850,2025-04-05 10:00:00,north,45.077743,7.68991,22.422,69.34,,74.7,0,train
10851,2025-04-05 11:00:00,north,45.074734,7.678879,19.36,81.88,1.0508,75.4,0,train
10852,2025-04-05 12:00:00,harbour,45.038334,7.606232,21.025,68.75,1.0658,72.8,0,train
10853,2025-04-05 13:00:00,north,45.071189,7.685194,18.184,71.77,1.053,74.1,0,train
10854,2025-04-05 14:00:00,north,45.064711,7.686136,18.422,77.64,1.0418,74.0,0,train
10855,2025-04-05 15:00:00,north,45.073087,7.684794,19.889,70.42,1.0206,73.3,0,train
10856,2025-04-05 16:00:00,harbour,45.042595,7.602329,20.3,65.02,0.9899,72.3,0,train
10857,2025-04-05 17:00:00,north,45.067722,7.679502,15.614,71.53,,74.8,0,train
10858,2025-04-05 18:00:00,north,45.069743,7.688679,16.208,77.14,1.0483,75.5,0,train
10859,2025-04-05 19:00:00,hill,45.103163,7.737818,12.706,79.45,,77.9,0,train
10860,2025-04-05 20:00:00,harbour,45.038619,7.607128,19.523,78.38,1.0086,74.6,0,train
10861,2025-04-05 21:00:00,north,45.075449,7.687469,17.502,72.86,0.9337,74.7,0,train
10862,2025-04-05 22:00:00,harbour,45.053587,7.613171,21.893,63.52,1.0208,71.9,0,train
10863,2025-04-05 23:00:00,hill,45.107462,7.740199,15.112,75.5,,74.0,0,train
10864,2025-04-06 00:00:00,hill,45.108399,7.731511,17.885,69.75,,76.6,0,train
10865,2025-04-06 01:00:00,harbour,45.041809,7.619398,23.917,71.05,1.0431,78.0,0,train
10866,2025-04-06 02:00:00,hill,45.10277,7.73365,18.401,70.86,0.9924,75.0,0,train
10867,2025-04-06 03:00:00,harbour,45.049951,7.619333,24.87,71.07,1.0076,77.3,0,train
10868,2025-04-06 04:00:00,harbour,45.039707,7.61676,26.359,65.19,0.9766,77.3,0,train
10869,2025-04-06 05:00:00,north,45.071755,7.681141,23.227,75.52,0.871,78.2,0,train
10870,2025-04-06 06:00:00,north,45.069694,7.684624,23.617,66.32,1.0171,75.5,0,train
10871,2025-04-06 07:00:00,harbour,45.043534,7.61359,25.375,67.71,1.023,72.7,0,train
10872,2025-04-06 08:00:00,harbour,45.040974,7.617222,26.659,54.02,1.0275,74.3,1,train
10873,2025-04-06 09:00:00,hill,45.106544,7.728286,18.325,72.25,1.0817,76.3,0,train
10874,2025-04-06 10:00:00,north,45.065105,7.683687,21.402,66.83,1.0439,72.7,0,train
10875,2025-04-06 11:00:00,hill,45.103767,7.738267,18.349,78.8,1.0219,73.8,0,train
10876,2025-04-06 12:00:00,north,45.075653,7.688552,21.375,69.37,0.968,72.1,0,train
10877,2025-04-06 13:00:00,hill,45.100037,7.729944,15.377,81.02,,72.6,0,train
10878,2025-04-06 14:00:00,hill,45.101501,7.730705,13.877,77.48,0.9347,70.8,0,train
10879,2025-04-06 15:00:00,north,45.075653,7.688307,17.599,69.95,0.9814,76.0,0,train
10880,2025-04-06 16:00:00,north,45.071788,7.681076,18.29,73.88,0.976,72.3,0,train
10881,2025-04-06 17:00:00,hill,45.108445,7.736326,13.255,86.57,,73.8,0,train
10882,2025-04-06 18:00:00,hill,45.095219,7.739726,16.202,76.94,,74.6,0,train
10883,2025-04-06 19:00:00,harbour,45.04175,7.612247,18.038,80.96,,72.9,0,train
10884,2025-04-06 20:00:00,north,45.065064,7.672826,18.61,72.44,0.9155,71.3,0,train
10885,2025-04-06 21:00:00,north,45.064599,7.692008,18.748,72.15,0.9747,72.3,0,train
10886,2025-04-06 22:00:00,north,45.071811,7.691895,19.352,71.31,1.0501,71.3,0,train
10887,2025-04-06 23:00:00,hill,45.108903,7.742221,14.977,77.82,0.9756,73.6,0,train
10888,2025-04-07 00:00:00,hill,45.098175,7.739444,18.231,71.52,0.9399,72.1,0,train
10889,2025-04-07 01:00:00,north,45.065729,7.677792,21.852,68.27,1.01,75.6,0,train
10890,2025-04-07 02:00:00,harbour,45.038822,7.619218,26.214,59.85,0.9717,72.6,1,train
10891,2025-04-07 03:00:00,hill,45.103652,7.736886,18.746,69.4,,74.3,0,train
10892,2025-04-07 04:00:00,north,45.064829,7.690847,22.238,74.88,1.0174,71.4,0,train
10893,2025-04-07 05:00:00,hill,45.113207,7.734382,21.263,73.63,,69.6,0,train
10894,2025-04-07 06:00:00,north,45.072508,7.684958,23.325,65.96,0.9981,72.5,0,train
10895,2025-04-07 07:00:00,north,45.068708,7.684996,22.433,65.98,1.0657,75.0,0,train
10896,2025-04-07 08:00:00,north,45.06807,7.694118,21.592,63.26,0.9879,75.0,0,train
10897,2025-04-07 09:00:00,north,45.079463,7.687537,22.3,71.01,0.99,75.4,0,train
10898,2025-04-07 10:00:00,harbour,45.050127,7.611162,23.346,64.42,0.9732,72.2,0,train
10899,2025-04-07 11:00:00,north,45.068182,7.679797,21.216,77.96,1.0168,72.3,0,train
10900,2025-04-07 12:00:00,harbour,45.042533,7.614514,26.024,56.35,1.0257,73.2,1,train
10901,2025-04-07 13:00:00,north,45.075189,7.686231,19.806,73.5,0.9583,72.3,0,train
10902,2025-04-07 14:00:00,harbour,45.036383,7.612952,24.757,70.12,1.0069,74.0,0,train
10903,2025-04-07 15:00:00,north,45.067775,7.691091,21.426,67.68,,74.5,0,train
10904,2025-04-07 16:00:00,north,45.075548,7.689779,19.863,80.29,0.9213,74.7,0,train
10905,2025-04-07 17:00:00,north,45.067341,7.686194,17.797,79.03,1.0492,71.2,0,train
10906,2025-04-07 18:00:00,harbour,45.039389,7.613253,21.99,73.1,1.0443,75.7,0,train
10907,2025-04-07 19:00:00,hill,45.098711,7.735626,17.199,72.29,,68.9,0,train
10908,2025-04-07 20:00:00,harbour,45.038062,7.615752,21.654,73.73,0.9209,72.0,0,train
10909,2025-04-07 21:00:00,harbour,45.043864,7.615619,23.189,71.51,0.9732,71.6,0,train
10910,2025-04-07 22:00:00,harbour,45.037801,7.612878,25.535,64.68,1.0677,72.5,0,train
10911,2025-04-07 23:00:00,harbour,45.035857,7.607912,24.725,72.58,0.9694,72.0,0,train
10912,2025-04-08 00:00:00,north,45.067572,7.690382,21.727,70.85,1.0019,74.8,0,train
10913,2025-04-08 01:00:00,north,45.077209,7.690663,24.093,56.98,1.0061,71.0,1,train
10914,2025-04-08 02:00:00,hill,45.104798,7.729843,22.758,69.43,,74.0,0,train
10915,2025-04-08 03:00:00,north,45.067829,7.688106,25.078,71.92,1.0968,70.2,0,train
10916,2025-04-08 04:00:00,harbour,45.041695,7.610243,27.176,59.41,1.0139,72.4,1,train
10917,2025-04-08 05:00:00,north,45.071856,7.675273,23.683,69.79,0.9434,73.1,0,train
10918,2025-04-08 06:00:00,north,45.07056,7.685939,25.3,61.9,1.0146,74.3,1,train
10919,2025-04-08 07:00:00,north,45.062804,7.690893,23.47,67.04,1.0317,70.0,0,train
10920,2025-04-08 08:00:00,north,45.071266,7.682512,25.059,53.81,0.948,67.9,1,train
10921,2025-04-08 09:00:00,harbour,45.040202,7.608633,29.154,51.73,,75.7,1,train
10922,2025-04-08 10:00:00,north,45.073449,7.69123,21.041,69.23,0.9709,70.4,0,train
10923,2025-04-08 11:00:00,harbour,45.035613,7.606652,26.518,60.41,0.9365,71.6,1,train
10924,2025-04-08 12:00:00,north,45.074268,7.681442,22.748,60.45,0.9559,71.8,0,train
10925,2025-04-08 13:00:00,north,45.068052,7.684545,20.963,73.39,1.0393,75.0,0,train
10926,2025-04-08 14:00:00,north,45.063172,7.689233,21.226,71.58,0.9919,73.6,0,train
10927,2025-04-08 15:00:00,harbour,45.046393,7.615256,24.185,62.42,0.9198,74.5,0,train
10928,2025-04-08 16:00:00,north,45.067959,7.683495,20.789,62.34,1.0353,74.7,0,train
10929,2025-04-08 17:00:00,harbour,45.042536,7.610583,25.802,66.06,0.9849,73.1,0,train
10930,2025-04-08 18:00:00,hill,45.103377,7.735567,16.555,74.65,0.8563,71.6,0,train
10931,2025-04-08 19:00:00,hill,45.108426,7.733181,15.313,81.35,0.9469,74.7,0,train
10932,2025-04-08 20:00:00,north,45.074471,7.681811,18.494,78.52,0.8846,74.0,0,train
10933,2025-04-08 21:00:00,harbour,45.04551,7.606668,22.27,67.2,0.9693,72.6,0,train
10934,2025-04-08 22:00:00,north,45.072894,7.689667,21.595,68.6,1.134,68.3,0,train
10935,2025-04-08 23:00:00,harbour,45.03451,7.611021,25.457,67.21,1.0992,70.7,0,train
10936,2025-04-09 00:00:00,north,45.063237,7.700386,22.926,66.59,1.013,72.7,0,train
10937,2025-04-09 01:00:00,harbour,45.041815,7.615223,26.96,53.92,0.9583,70.9,1,train
10938,2025-04-09 02:00:00,north,45.066165,7.682367,25.783,66.06,0.9424,73.7,0,train
10939,2025-04-09 03:00:00,hill,45.105881,7.735121,22.892,68.9,,77.1,0,train
10940,2025-04-09 04:00:00,north,45.070671,7.687814,26.311,60.47,1.0117,72.0,1,train
10941,2025-04-09 05:00:00,north,45.064301,7.688097,24.755,67.09,1.0614,72.5,0,train
10942,2025-04-09 06:00:00,harbour,45.03682,7.614335,28.762,57.78,1.0025,73.4,1,train
10943,2025-04-09 07:00:00,hill,45.099426,7.737369,21.066,68.43,,75.2,0,train
10944,2025-04-09 08:00:00,harbour,45.037418,7.611422,27.972,63.65,0.9938,67.4,0,train
10945,2025-04-09 09:00:00,north,45.06916,7.68935,24.786,59.24,0.8977,70.6,1,train
10946,2025-04-09 10:00:00,north,45.072741,7.697008,22.669,61.2,1.0158,74.4,0,train
10947,2025-04-09 11:00:00,harbour,45.046394,7.609914,26.049,62.42,1.0501,71.5,0,train
10948,2025-04-09 12:00:00,north,45.066078,7.684209,24.67,59.59,1.029,68.1,1,train
10949,2025-04-09 13:00:00,north,45.06772,7.689643,21.399,73.06,1.0543,72.6,0,train
10950,2025-04-09 14:00:00,hill,45.110262,7.74132,16.168,73.83,,68.8,0,train
10951,2025-04-09 15:00:00,hill,45.1076,7.739184,15.789,70.32,0.9874,73.3,0,train
10952,2025-04-09 16:00:00,north,45.070935,7.692173,19.57,70.44,1.0018,73.4,0,train
10953,2025-04-09 17:00:00,harbour,45.031519,7.611863,23.784,57.09,1.0178,70.6,0,train
10954,2025-04-09 18:00:00,hill,45.099925,7.73396,16.144,82.44,,69.0,0,train
10955,2025-04-09 19:00:00,north,45.07063,7.689369,20.315,70.91,1.0488,72.4,0,train
10956,2025-04-09 20:00:00,hill,45.101608,7.738466,17.021,78.42,0.9808,70.6,0,train
10957,2025-04-09 21:00:00,hill,45.112023,7.74344,15.949,79.26,0.9488,70.7,0,train
10958,2025-04-09 22:00:00,harbour,45.041354,7.619875,25.495,64.6,0.9788,70.1,0,train
10959,2025-04-09 23:00:00,harbour,45.042132,7.603013,24.62,60.76,0.9909,70.2,1,train
10960,2025-04-10 00:00:00,harbour,45.03655,7.615981,28.044,63.41,0.9787,69.2,0,train
10961,2025-04-10 01:00:00,harbour,45.036772,7.608769,26.131,61.54,0.9551,72.8,1,train
10962,2025-04-10 02:00:00,harbour,45.038296,7.601601,27.399,58.0,1.0435,73.4,1,train
10963,2025-04-10 03:00:00,north,45.067459,7.688052,24.118,57.41,1.0482,69.4,1,train
10964,2025-04-10 04:00:00,harbour,45.040042,7.611254,28.436,64.88,1.0491,68.5,0,train
10965,2025-04-10 05:00:00,harbour,45.042496,7.610358,29.562,57.12,1.0388,72.6,1,train
10966,2025-04-10 06:00:00,harbour,45.041945,7.605691,28.958,57.25,1.0271,73.6,1,train
10967,2025-04-10 07:00:00,harbour,45.045032,7.607027,30.374,49.18,0.9786,72.1,1,train
10968,2025-04-10 08:00:00,harbour,45.035522,7.611013,29.215,62.38,0.981,73.3,0,train
10969,2025-04-10 09:00:00,hill,45.104836,7.727626,23.492,66.13,,72.5,0,train
10970,2025-04-10 10:00:00,harbour,45.041954,7.611531,27.655,64.87,0.9102,71.0,0,train
10971,2025-04-10 11:00:00,north,45.076401,7.686632,24.741,64.69,1.0127,70.3,0,train
10972,2025-04-10 12:00:00,harbour,45.040103,7.611302,27.316,57.77,0.904,69.3,1,train
10973,2025-04-10 13:00:00,north,45.071302,7.68755,21.498,71.69,,70.6,0,train
10974,2025-04-10 14:00:00,north,45.066687,7.685717,23.704,59.9,1.0316,67.2,0,train
10975,2025-04-10 15:00:00,north,45.071695,7.680263,21.907,62.49,0.9698,73.7,0,train
10976,2025-04-10 16:00:00,north,45.071591,7.680901,20.328,70.74,,68.5,0,train
10977,2025-04-10 17:00:00,harbour,45.038446,7.612718,22.687,70.74,0.9756,71.2,0,train
10978,2025-04-10 18:00:00,north,45.068211,7.690855,19.211,77.11,1.0764,71.4,0,train
10979,2025-04-10 19:00:00,north,45.069855,7.686791,19.223,72.19,1.0553,70.4,0,train
10980,2025-04-10 20:00:00,harbour,45.043329,7.609537,23.552,66.02,1.0056,70.5,0,train
10981,2025-04-10 21:00:00,north,45.065339,7.686866,18.991,73.72,0.9764,69.0,0,train
10982,2025-04-10 22:00:00,hill,45.107561,7.72602,17.975,73.47,1.0302,69.7,0,train
10983,2025-04-10 23:00:00,north,45.068642,7.681073,21.018,68.0,1.0143,72.0,0,train
10984,2025-04-11 00:00:00,harbour,45.048662,7.610146,27.864,62.49,0.9993,71.9,0,train
10985,2025-04-11 01:00:00,north,45.07589,7.685707,24.199,63.54,0.9761,67.8,0,train
10986,2025-04-11 02:00:00,hill,45.102351,7.733401,22.974,66.43,,70.3,0,train
10987,2025-04-11 03:00:00,harbour,45.038453,7.610669,30.931,61.03,0.9346,66.8,1,train
10988,2025-04-11 04:00:00,harbour,45.050923,7.606098,29.331,59.31,0.9656,70.2,1,train
10989,2025-04-11 05:00:00,north,45.072533,7.683156,27.858,58.36,0.9213,70.4,1,train
10990,2025-04-11 06:00:00,harbour,45.043282,7.613249,29.655,60.78,0.955,67.6,1,train
10991,2025-04-11 07:00:00,north,45.068276,7.676829,26.33,62.03,1.0885,73.1,0,train
10992,2025-04-11 08:00:00,harbour,45.040463,7.606018,27.764,63.35,1.0026,67.5,0,train
10993,2025-04-11 09:00:00,hill,45.107245,7.733268,21.9,65.31,,72.6,0,train
10994,2025-04-11 10:00:00,north,45.072479,7.693388,25.733,60.3,0.9723,66.8,1,train
10995,2025-04-11 11:00:00,north,45.066642,7.689371,23.928,60.18,1.0668,71.6,0,train
10996,2025-04-11 12:00:00,harbour,45.046016,7.619797,25.636,68.13,1.0075,66.2,0,train
10997,2025-04-11 13:00:00,hill,45.105236,7.741689,18.734,78.92,,69.0,0,train
10998,2025-04-11 14:00:00,hill,45.100145,7.732764,17.141,80.29,,67.4,0,train
10999,2025-04-11 15:00:00,north,45.074013,7.685652,19.552,73.53,1.0229,70.6,0,train
11000,2025-04-11 16:00:00,hill,45.103281,7.729144,15.198,78.99,,68.3,0,train
11001,2025-04-11 17:00:00,north,45.073157,7.691856,20.701,69.52,0.956,69.5,0,train
11002,2025-04-11 18:00:00,north,45.067752,7.689634,20.577,73.01,0.9853,70.3,0,train
11003,2025-04-11 19:00:00,harbour,45.042455,7.61495,22.855,66.71,1.0258,67.8,0,train
11004,2025-04-11 20:00:00,harbour,45.03443,7.615305,21.812,64.81,0.9969,68.6,0,train
11005,2025-04-11 21:00:00,hill,45.1055,7.737298,17.044,79.62,,70.2,0,train
11006,2025-04-11 22:00:00,north,45.063849,7.687042,23.198,70.6,1.108,67.8,0,train
11007,2025-04-11 23:00:00,harbour,45.041652,7.613377,23.775,68.29,0.9868,70.5,0,test
11008,2025-04-12 00:00:00,hill,45.093747,7.74104,19.018,72.55,1.0148,66.1,0,test
11009,2025-04-12 01:00:00,north,45.069733,7.682076,22.885,65.86,0.9759,73.7,0,test
11010,2025-04-12 02:00:00,north,45.072912,7.680795,25.066,64.73,0.9613,71.8,0,test
11011,2025-04-12 03:00:00,harbour,45.042952,7.612022,26.939,62.57,0.9075,66.6,0,test
11012,2025-04-12 04:00:00,hill,45.108825,7.740788,22.647,63.02,,67.9,0,test
11013,2025-04-12 05:00:00,north,45.065657,7.687204,24.766,62.93,1.07,68.8,0,test
11014,2025-04-12 06:00:00,harbour,45.047326,7.610985,28.894,54.71,1.0032,70.6,1,test
11015,2025-04-12 07:00:00,north,45.076478,7.690163,24.336,69.84,1.0607,70.9,0,test
11016,2025-04-12 08:00:00,north,45.065142,7.686567,25.947,57.65,0.9362,71.5,1,test
11017,2025-04-12 09:00:00,north,45.066779,7.676544,24.312,60.52,0.9923,71.7,1,test
11018,2025-04-12 10:00:00,harbour,45.038683,7.606996,27.042,58.0,0.9939,67.1,1,test
11019,2025-04-12 11:00:00,harbour,45.040897,7.601593,28.14,60.66,1.0373,69.6,1,test
11020,2025-04-12 12:00:00,north,45.07074,7.684915,22.985,63.49,1.0036,68.9,0,test
11021,2025-04-12 13:00:00,harbour,45.031023,7.609786,27.889,67.42,1.0277,70.5,0,test
11022,2025-04-12 14:00:00,harbour,45.043385,7.614204,24.973,67.39,1.0736,68.9,0,test
11023,2025-04-12 15:00:00,hill,45.102958,7.745539,17.439,65.34,,65.6,0,test
11024,2025-04-12 16:00:00,harbour,45.036876,7.609047,23.478,67.43,0.9954,68.2,0,test
11025,2025-04-12 17:00:00,north,45.073822,7.686058,22.57,69.19,1.0203,74.1,0,test
11026,2025-04-12 18:00:00,hill,45.102595,7.73312,17.798,69.38,0.9683,69.1,0,test
11027,2025-04-12 19:00:00,north,45.074574,7.672015,19.215,72.12,1.0191,71.5,0,test
11028,2025-04-12 20:00:00,north,45.072137,7.682228,20.204,71.44,0.9148,68.9,0,test
11029,2025-04-12 21:00:00,hill,45.102693,7.731439,16.789,73.3,0.9512,68.4,0,test
11030,2025-04-12 22:00:00,north,45.074717,7.687391,21.761,68.5,0.988,69.0,0,test
11031,2025-04-12 23:00:00,north,45.073237,7.681849,21.244,70.99,0.9119,68.5,0,test
11032,2025-04-13 00:00:00,north,45.067944,7.679596,22.013,66.48,1.1065,70.6,0,test
11033,2025-04-13 01:00:00,north,45.063477,7.688959,23.95,65.58,1.0921,68.0,0,test
11034,2025-04-13 02:00:00,north,45.067776,7.685702,25.733,58.51,1.062,65.1,1,test
11035,2025-04-13 03:00:00,hill,45.106471,7.730571,22.844,69.9,,70.6,0,test
11036,2025-04-13 04:00:00,north,45.069021,7.682255,26.236,60.07,1.0452,69.9,1,test
11037,2025-04-13 05:00:00,north,45.077098,7.684533,25.776,68.16,0.9875,67.9,0,test
11038,2025-04-13 06:00:00,north,45.071033,7.690108,23.167,75.22,0.9892,68.4,0,test
11039,2025-04-13 07:00:00,hill,45.104766,7.742111,22.547,74.54,0.9003,70.2,0,test
11040,2025-04-13 08:00:00,north,45.071608,7.679522,25.182,62.24,1.0461,69.4,0,test
11041,2025-04-13 09:00:00,north,45.066418,7.691838,25.497,65.39,0.9913,66.7,0,test
11042,2025-04-13 10:00:00,harbour,45.040486,7.612305,29.686,56.75,0.9034,71.3,1,test
11043,2025-04-13 11:00:00,hill,45.101312,7.736831,21.314,71.37,0.9593,73.7,0,test
11044,2025-04-13 12:00:00,harbour,45.031508,7.616872,24.216,62.12,1.0249,68.6,0,test
11045,2025-04-13 13:00:00,hill,45.096806,7.730234,18.844,68.89,,66.5,0,test
11046,2025-04-13 14:00:00,north,45.072954,7.690313,20.786,70.04,0.9745,70.6,0,test
11047,2025-04-13 15:00:00,north,45.068188,7.679534,21.182,66.47,0.8931,71.3,0,test
11048,2025-04-13 16:00:00,harbour,45.040486,7.609715,23.31,71.64,0.976,66.7,0,test
11049,2025-04-13 17:00:00,north,45.064018,7.681805,17.44,77.84,0.9959,65.4,0,test
11050,2025-04-13 18:00:00,north,45.067605,7.694437,18.447,74.87,0.8814,65.7,0,test
11051,2025-04-13 19:00:00,north,45.073137,7.694207,19.204,71.87,0.9614,67.4,0,test
11052,2025-04-13 20:00:00,north,45.070368,7.689817,17.609,74.01,1.0209,66.1,0,test
11053,2025-04-13 21:00:00,hill,45.101885,7.73761,17.251,79.1,0.981,67.4,0,test
11054,2025-04-13 22:00:00,harbour,45.047148,7.609403,24.234,65.72,1.0715,67.3,0,test
11055,2025-04-13 23:00:00,north,45.069734,7.694717,23.012,67.19,1.0419,64.9,0,test
11056,2025-04-14 00:00:00,north,45.068566,7.693008,22.522,75.34,1.0558,68.8,0,test
11057,2025-04-14 01:00:00,harbour,45.045594,7.616535,26.288,63.13,0.9386,70.9,0,test
11058,2025-04-14 02:00:00,hill,45.096981,7.734505,21.113,68.76,0.953,64.0,0,test
11059,2025-04-14 03:00:00,harbour,45.0432,7.61033,28.435,58.64,1.0155,67.5,1,test
11060,2025-04-14 04:00:00,harbour,45.036482,7.61165,30.004,62.49,1.0245,67.0,0,test
11061,2025-04-14 05:00:00,north,45.066799,7.692685,24.685,62.82,0.9731,66.4,0,test
11062,2025-04-14 06:00:00,harbour,45.038219,7.607376,26.852,59.86,0.9883,68.0,1,test
11063,2025-04-14 07:00:00,hill,45.104498,7.735668,25.808,67.64,,65.7,0,test
11064,2025-04-14 08:00:00,north,45.07041,7.694216,26.27,67.27,0.9755,69.4,0,test
11065,2025-04-14 09:00:00,north,45.071201,7.690493,24.966,70.09,1.0186,67.0,0,test
11066,2025-04-14 10:00:00,north,45.070818,7.694764,26.951,58.2,1.0699,65.6,1,test
11067,2025-04-14 11:00:00,harbour,45.04663,7.614175,25.719,65.14,1.0269,68.5,0,test
11068,2025-04-14 12:00:00,harbour,45.047793,7.614253,25.281,61.71,1.0429,67.8,1,test
11069,2025-04-14 13:00:00,north,45.072837,7.692998,21.345,71.17,1.003,70.4,0,test
11070,2025-04-14 14:00:00,harbour,45.04403,7.615377,25.107,57.89,1.0249,67.9,1,test
11071,2025-04-14 15:00:00,hill,45.102465,7.736848,16.89,74.94,,66.7,0,test
11072,2025-04-14 16:00:00,north,45.065546,7.683615,20.764,74.66,0.9552,71.3,0,test
11073,2025-04-14 17:00:00,north,45.072363,7.678793,19.185,73.35,,67.9,0,test
11074,2025-04-14 18:00:00,north,45.070124,7.693561,20.914,60.42,1.0292,68.1,0,test
11075,2025-04-14 19:00:00,north,45.073438,7.684101,20.097,75.26,1.0497,70.3,0,test
11076,2025-04-14 20:00:00,north,45.062625,7.682477,18.054,75.58,1.0216,66.2,0,test
11077,2025-04-14 21:00:00,hill,45.114778,7.739486,17.373,73.98,,67.1,0,test
11078,2025-04-14 22:00:00,north,45.064858,7.681786,19.802,71.66,0.9783,65.7,0,test
11079,2025-04-14 23:00:00,north,45.070125,7.67949,21.691,67.73,1.0014,71.1,0,test
11080,2025-04-15 00:00:00,hill,45.107979,7.732374,19.673,76.49,,65.5,0,test
11081,2025-04-15 01:00:00,north,45.064407,7.685896,26.0,62.86,0.9589,64.9,0,test
11082,2025-04-15 02:00:00,north,45.067755,7.68756,24.015,59.34,,64.9,1,test
11083,2025-04-15 03:00:00,north,45.061844,7.688752,23.144,63.57,0.9724,70.7,0,test
11084,2025-04-15 04:00:00,north,45.06422,7.691024,25.569,70.17,0.9503,69.2,0,test
11085,2025-04-15 05:00:00,north,45.062175,7.685644,24.471,69.68,0.9463,65.7,0,test
11086,2025-04-15 06:00:00,harbour,45.041406,7.614037,31.419,58.64,0.9851,65.5,1,test
11087,2025-04-15 07:00:00,harbour,45.042173,7.611675,30.062,54.15,0.9679,71.6,1,test
11088,2025-04-15 08:00:00,harbour,45.039709,7.609062,30.708,58.6,1.0629,65.7,1,test
11089,2025-04-15 09:00:00,harbour,45.046082,7.614228,28.0,64.36,,67.0,0,test
11090,2025-04-15 10:00:00,harbour,45.046586,7.613987,26.618,62.56,0.9947,65.5,0,test
11091,2025-04-15 11:00:00,north,45.069962,7.695414,23.839,68.99,1.0392,71.9,0,test
11092,2025-04-15 12:00:00,harbour,45.040101,7.615206,24.65,69.5,,65.4,0,test
11093,2025-04-15 13:00:00,harbour,45.039886,7.608789,24.28,69.62,0.9973,64.0,0,test
11094,2025-04-15 14:00:00,north,45.068167,7.689197,20.24,72.94,1.0557,67.2,0,test
11095,2025-04-15 15:00:00,north,45.075258,7.685004,20.264,72.95,1.0458,67.4,0,test
11096,2025-04-15 16:00:00,north,45.070952,7.694052,18.218,68.98,0.9885,66.1,0,test
11097,2025-04-15 17:00:00,hill,45.102657,7.72681,14.296,78.26,0.9346,65.3,0,test
11098,2025-04-15 18:00:00,north,45.06908,7.682971,21.092,73.28,0.969,63.0,0,test
11099,2025-04-15 19:00:00,north,45.072196,7.682984,18.998,79.72,1.0258,64.9,0,test
11100,2025-04-15 20:00:00,harbour,45.039391,7.612843,23.221,67.69,0.9188,70.4,0,test
11101,2025-04-15 21:00:00,harbour,45.042264,7.611608,24.602,69.39,0.9835,63.3,0,test
11102,2025-04-15 22:00:00,hill,45.103854,7.727389,18.593,73.49,0.9964,69.2,0,test
11103,2025-04-15 23:00:00,harbour,45.046459,7.603038,24.644,61.08,0.9256,71.2,1,test
11104,2025-04-16 00:00:00,north,45.074672,7.687152,22.207,70.13,1.0575,69.3,0,test
11105,2025-04-16 01:00:00,harbour,45.035292,7.619497,28.842,60.94,0.9868,67.3,1,test
11106,2025-04-16 02:00:00,harbour,45.040356,7.619436,29.22,54.98,0.9242,69.2,1,test
11107,2025-04-16 03:00:00,harbour,45.04387,7.61028,29.316,54.96,0.9502,69.1,1,test
11108,2025-04-16 04:00:00,hill,45.102194,7.737526,24.354,65.58,,63.8,0,test
11109,2025-04-16 05:00:00,north,45.073269,7.681976,23.705,64.24,,67.7,0,test
11110,2025-04-16 06:00:00,harbour,45.042357,7.605118,29.575,60.1,1.0134,64.5,1,test
11111,2025-04-16 07:00:00,north,45.072394,7.692314,25.511,58.31,1.0084,62.3,1,test
11112,2025-04-16 08:00:00,north,45.069753,7.689601,23.352,70.07,0.9898,68.4,0,test
11113,2025-04-16 09:00:00,hill,45.105232,7.733614,22.38,65.67,1.0777,64.8,0,test
11114,2025-04-16 10:00:00,north,45.072117,7.68442,25.064,65.81,1.062,66.9,0,test
11115,2025-04-16 11:00:00,harbour,45.035084,7.616794,27.364,54.91,0.9215,63.8,1,test
11116,2025-04-16 12:00:00,hill,45.100319,7.736852,17.721,78.43,,68.4,0,test
11117,2025-04-16 13:00:00,harbour,45.036908,7.610609,25.178,65.05,1.0276,67.5,0,test
11118,2025-04-16 14:00:00,harbour,45.047786,7.613661,24.892,73.12,0.9902,65.6,0,test
11119,2025-04-16 15:00:00,harbour,45.042229,7.612223,23.725,59.6,1.0213,64.4,0,test
11120,2025-04-16 16:00:00,hill,45.10551,7.733261,17.302,67.91,,64.7,0,test
11121,2025-04-16 17:00:00,hill,45.104709,7.731736,17.23,78.25,0.9557,66.5,0,test
11122,2025-04-16 18:00:00,north,45.067924,7.690838,21.157,73.46,1.0622,64.8,0,test
11123,2025-04-16 19:00:00,north,45.067011,7.683948,19.939,64.4,1.0072,64.0,0,test
11124,2025-04-16 20:00:00,north,45.073429,7.680463,22.954,69.49,1.0518,67.2,0,test
11125,2025-04-16 21:00:00,north,45.068509,7.695193,20.756,74.19,1.0133,66.7,0,test
11126,2025-04-16 22:00:00,harbour,45.047373,7.61843,24.998,70.15,0.9956,68.0,0,test
11127,2025-04-16 23:00:00,hill,45.104803,7.737862,19.827,72.26,,67.7,0,test
11128,2025-04-17 00:00:00,north,45.070385,7.685959,22.702,61.5,1.0182,63.5,0,test
11129,2025-04-17 01:00:00,north,45.069134,7.687249,23.251,59.15,1.0766,66.1,0,test
11130,2025-04-17 02:00:00,north,45.069719,7.679136,25.78,71.82,1.0294,64.1,0,test
11131,2025-04-17 03:00:00,harbour,45.041156,7.612185,26.156,64.52,,63.1,0,test
11132,2025-04-17 04:00:00,harbour,45.047142,7.613627,27.08,65.54,0.9619,66.1,0,test
11133,2025-04-17 05:00:00,harbour,45.050416,7.611286,31.718,53.8,1.004,65.2,1,test
11134,2025-04-17 06:00:00,harbour,45.036379,7.614413,30.327,56.11,0.9629,66.6,1,test
11135,2025-04-17 07:00:00,hill,45.105049,7.731492,23.501,65.76,0.9471,64.9,0,test
11136,2025-04-17 08:00:00,hill,45.106871,7.736153,22.918,63.64,,67.0,0,test
11137,2025-04-17 09:00:00,north,45.066392,7.678532,25.388,62.78,0.9283,65.3,0,test
11138,2025-04-17 10:00:00,harbour,45.038479,7.612118,26.849,57.43,0.995,66.1,1,test
11139,2025-04-17 11:00:00,harbour,45.039186,7.609216,26.822,60.27,1.0628,67.7,1,test
11140,2025-04-17 12:00:00,hill,45.09435,7.728702,18.666,77.84,,69.1,0,test
11141,2025-04-17 13:00:00,north,45.072641,7.684269,23.284,67.0,,64.8,0,test
11142,2025-04-17 14:00:00,north,45.069842,7.686323,21.936,66.06,0.9875,61.5,0,test
11143,2025-04-17 15:00:00,harbour,45.040655,7.609288,24.331,72.39,1.0345,62.4,0,test
11144,2025-04-17 16:00:00,north,45.070359,7.690771,20.492,76.06,1.0757,68.0,0,test
11145,2025-04-17 17:00:00,north,45.071033,7.682779,19.589,72.25,0.9874,69.0,0,test
11146,2025-04-17 18:00:00,hill,45.113329,7.739805,15.339,71.01,,67.2,0,test
11147,2025-04-17 19:00:00,harbour,45.041761,7.61578,25.156,69.49,1.0235,68.4,0,test
11148,2025-04-17 20:00:00,harbour,45.044386,7.609226,24.295,70.76,0.9908,64.7,0,test
11149,2025-04-17 21:00:00,harbour,45.038946,7.619232,23.882,63.7,1.0171,64.3,0,test
11150,2025-04-17 22:00:00,north,45.071453,7.679503,21.905,74.59,1.0129,67.9,0,test
11151,2025-04-17 23:00:00,north,45.068775,7.688805,23.443,63.34,1.0637,66.9,0,test
11152,2025-04-18 00:00:00,north,45.069439,7.686506,24.17,64.6,,66.4,0,test
11153,2025-04-18 01:00:00,hill,45.100412,7.73893,21.42,67.67,1.0035,66.5,0,test
11154,2025-04-18 02:00:00,harbour,45.037763,7.604485,28.878,59.81,1.0164,65.2,1,test
11155,2025-04-18 03:00:00,harbour,45.042873,7.606322,28.36,59.25,0.9646,61.9,1,test
11156,2025-04-18 04:00:00,harbour,45.044039,7.608078,30.645,62.37,,67.5,0,test
11157,2025-04-18 05:00:00,harbour,45.042894,7.612241,30.515,55.38,0.9985,65.7,1,test
11158,2025-04-18 06:00:00,hill,45.10135,7.735549,24.127,67.52,,63.7,0,test
11159,2025-04-18 07:00:00,harbour,45.042318,7.612215,27.996,60.49,0.976,64.2,1,test
11160,2025-04-18 08:00:00,hill,45.09387,7.733843,23.358,67.79,,66.8,0,test
11161,2025-04-18 09:00:00,hill,45.107837,7.731646,22.879,64.15,0.9749,63.8,0,test
11162,2025-04-18 10:00:00,harbour,45.0409,7.605389,28.867,58.95,0.9667,62.8,1,test
11163,2025-04-18 11:00:00,hill,45.105143,7.732993,17.78,80.19,0.9758,65.8,0,test
11164,2025-04-18 12:00:00,north,45.074732,7.688684,20.768,73.76,1.0333,66.7,0,test
11165,2025-04-18 13:00:00,north,45.068367,7.691067,22.352,63.49,1.0592,66.8,0,test
11166,2025-04-18 14:00:00,hill,45.107912,7.732602,17.203,73.79,,66.6,0,test
11167,2025-04-18 15:00:00,north,45.068301,7.691334,21.037,66.0,0.9606,65.5,0,test
11168,2025-04-18 16:00:00,north,45.072253,7.679441,19.992,68.61,,64.5,0,test
11169,2025-04-18 17:00:00,north,45.068437,7.689877,20.742,67.86,0.9382,61.1,0,test
11170,2025-04-18 18:00:00,harbour,45.042294,7.606744,22.536,63.02,1.0265,64.6,0,test
11171,2025-04-18 19:00:00,north,45.0759,7.687262,18.577,75.36,1.0348,63.6,0,test
11172,2025-04-18 20:00:00,harbour,45.038468,7.607381,24.182,69.3,0.9827,68.1,0,test
11173,2025-04-18 21:00:00,north,45.067631,7.681311,20.291,71.72,1.0012,63.8,0,test
11174,2025-04-18 22:00:00,harbour,45.039772,7.609389,23.443,64.77,,65.4,0,test
11175,2025-04-18 23:00:00,hill,45.105295,7.742015,16.807,76.62,,66.3,0,test
11176,2025-04-19 00:00:00,harbour,45.052122,7.608797,29.904,54.57,0.9723,62.4,1,test
11177,2025-04-19 01:00:00,north,45.067773,7.689102,23.288,71.1,0.9639,62.3,0,test
11178,2025-04-19 02:00:00,harbour,45.032906,7.612817,27.694,70.15,0.918,67.1,0,test
11179,2025-04-19 03:00:00,hill,45.101477,7.736537,19.917,60.85,,67.0,0,test
11180,2025-04-19 04:00:00,harbour,45.034749,7.613589,27.99,61.87,,61.2,1,test
11181,2025-04-19 05:00:00,north,45.06786,7.689135,25.779,63.61,0.9985,64.7,0,test
11182,2025-04-19 06:00:00,north,45.070176,7.68018,26.437,63.28,1.0258,67.2,0,test
11183,2025-04-19 07:00:00,hill,45.100263,7.735274,23.838,65.02,,62.9,0,test
11184,2025-04-19 08:00:00,harbour,45.038378,7.613767,28.298,53.84,0.9621,64.5,1,test
11185,2025-04-19 09:00:00,north,45.062617,7.683208,25.678,63.23,0.9821,64.6,0,test
11186,2025-04-19 10:00:00,harbour,45.04184,7.613805,29.272,56.91,0.9216,63.6,1,test
11187,2025-04-19 11:00:00,harbour,45.038113,7.607071,26.625,61.63,0.9892,63.3,1,test
11188,2025-04-19 12:00:00,north,45.074475,7.68961,22.798,67.4,0.9746,59.0,0,test
11189,2025-04-19 13:00:00,hill,45.108335,7.731631,17.014,73.67,,62.0,0,test
11190,2025-04-19 14:00:00,north,45.066635,7.684695,20.356,80.21,1.0306,63.5,0,test
11191,2025-04-19 15:00:00,north,45.06864,7.689934,19.057,67.8,1.032,64.6,0,test
11192,2025-04-19 16:00:00,north,45.070343,7.691346,20.866,68.72,0.9861,67.7,0,test
11193,2025-04-19 17:00:00,north,45.073169,7.683288,19.587,66.94,1.0101,69.0,0,test
11194,2025-04-19 18:00:00,hill,45.097423,7.731944,18.481,72.97,1.0084,66.8,0,test
11195,2025-04-19 19:00:00,harbour,45.040846,7.616897,23.51,72.81,1.0488,64.4,0,test
11196,2025-04-19 20:00:00,north,45.07761,7.671977,21.023,69.88,0.91,61.8,0,test
11197,2025-04-19 21:00:00,north,45.069783,7.692607,21.211,66.44,0.9863,63.6,0,test
11198,2025-04-19 22:00:00,north,45.071031,7.69238,21.524,64.01,0.9617,66.1,0,test
11199,2025-04-19 23:00:00,harbour,45.04115,7.60685,24.357,67.57,1.0034,63.6,0,test
11200,2025-04-20 00:00:00,hill,45.099367,7.740884,21.769,66.15,,64.4,0,test
11201,2025-04-20 01:00:00,north,45.073962,7.687832,23.626,68.93,1.0085,66.4,0,test
11202,2025-04-20 02:00:00,harbour,45.042231,7.614299,25.92,60.4,1.0049,62.0,1,test
11203,2025-04-20 03:00:00,north,45.070812,7.67473,24.514,63.02,0.9647,62.4,0,test
11204,2025-04-20 04:00:00,north,45.073073,7.683653,24.429,65.04,1.0136,66.8,0,test
11205,2025-04-20 05:00:00,harbour,45.044318,7.611112,30.833,49.73,1.0096,64.9,1,test
11206,2025-04-20 06:00:00,hill,45.096564,7.73305,24.298,70.28,0.9502,65.7,0,test
11207,2025-04-20 07:00:00,north,45.072098,7.684155,27.738,56.04,1.0288,64.3,1,test
11208,2025-04-20 08:00:00,harbour,45.038829,7.610652,31.663,55.74,0.976,61.7,1,test
11209,2025-04-20 09:00:00,north,45.070811,7.672032,24.443,67.06,0.8966,66.3,0,test
11210,2025-04-20 10:00:00,north,45.067309,7.68507,22.377,77.61,0.9891,62.9,0,test
11211,2025-04-20 11:00:00,harbour,45.037702,7.608655,26.181,64.72,1.0223,64.6,0,test
11212,2025-04-20 12:00:00,north,45.073997,7.685612,23.386,70.1,1.0196,64.8,0,test
11213,2025-04-20 13:00:00,harbour,45.04115,7.609613,22.524,65.89,1.0042,64.5,0,test
11214,2025-04-20 14:00:00,harbour,45.040053,7.612024,24.142,65.1,0.9956,61.3,0,test
11215,2025-04-20 15:00:00,north,45.069035,7.687424,21.623,69.16,1.0296,64.5,0,test
11216,2025-04-20 16:00:00,harbour,45.041518,7.620722,22.69,71.99,1.0253,60.9,0,test
11217,2025-04-20 17:00:00,north,45.070132,7.682007,19.703,67.9,0.9102,64.1,0,test
11218,2025-04-20 18:00:00,harbour,45.031713,7.620297,22.201,70.02,0.9632,62.6,0,test
11219,2025-04-20 19:00:00,north,45.066711,7.684848,21.83,80.39,1.0023,66.4,0,test
11220,2025-04-20 20:00:00,harbour,45.040264,7.607658,25.884,59.37,0.9942,62.2,1,test
11221,2025-04-20 21:00:00,harbour,45.044208,7.604943,23.02,59.85,1.0374,63.0,0,test
11222,2025-04-20 22:00:00,harbour,45.046682,7.616255,23.878,63.96,1.0459,63.0,0,test
11223,2025-04-20 23:00:00,north,45.066483,7.678608,22.268,67.77,1.005,59.4,0,test
11224,2025-04-21 00:00:00,hill,45.112002,7.739486,20.747,77.12,0.9797,62.8,0,test
11225,2025-04-21 01:00:00,north,45.070622,7.687718,24.282,67.44,1.0804,63.1,0,test
11226,2025-04-21 02:00:00,harbour,45.043212,7.609241,28.821,63.73,0.9572,61.6,0,test
11227,2025-04-21 03:00:00,harbour,45.039118,7.608759,29.878,54.81,0.993,62.8,1,test
11228,2025-04-21 04:00:00,north,45.067839,7.688395,27.153,61.33,1.0955,63.6,1,test
11229,2025-04-21 05:00:00,harbour,45.04703,7.612773,31.753,56.22,1.0285,63.8,1,test
11230,2025-04-21 06:00:00,north,45.069402,7.689649,26.442,59.09,1.027,64.1,1,test
11231,2025-04-21 07:00:00,harbour,45.040874,7.612009,29.105,59.9,0.998,65.1,1,test
11232,2025-04-21 08:00:00,north,45.074935,7.683505,25.748,62.33,1.0562,65.2,0,test
11233,2025-04-21 09:00:00,harbour,45.048204,7.614644,31.378,56.5,1.1388,62.4,1,test
11234,2025-04-21 10:00:00,harbour,45.035293,7.60615,29.138,53.11,1.0138,63.6,1,test
11235,2025-04-21 11:00:00,hill,45.103553,7.739154,21.73,60.9,,62.8,0,test
11236,2025-04-21 12:00:00,north,45.07027,7.686276,24.629,70.53,1.0548,61.9,0,test
11237,2025-04-21 13:00:00,north,45.077592,7.680538,23.68,66.56,1.0905,61.8,0,test
11238,2025-04-21 14:00:00,hill,45.11421,7.730028,21.198,69.48,,60.6,0,test
11239,2025-04-21 15:00:00,harbour,45.04113,7.610416,23.423,77.11,0.9591,63.1,0,test
11240,2025-04-21 16:00:00,north,45.071834,7.677097,20.569,74.83,1.0157,64.6,0,test
11241,2025-04-21 17:00:00,harbour,45.044815,7.618829,24.382,67.23,0.9613,61.8,0,test
11242,2025-04-21 18:00:00,north,45.074967,7.690747,20.849,67.75,1.0454,61.7,0,test
11243,2025-04-21 19:00:00,hill,45.103078,7.729641,16.58,77.87,0.9891,60.8,0,test
11244,2025-04-21 20:00:00,harbour,45.0448,7.611448,21.984,69.77,1.0242,60.0,0,test
11245,2025-04-21 21:00:00,harbour,45.038566,7.620321,24.037,64.94,1.003,60.4,0,test
11246,2025-04-21 22:00:00,north,45.059648,7.687981,20.719,76.34,1.0389,62.9,0,test
11247,2025-04-21 23:00:00,hill,45.098847,7.730022,19.16,75.84,0.902,59.2,0,test
11248,2025-04-22 00:00:00,hill,45.105247,7.724416,21.368,72.01,,65.6,0,test
11249,2025-04-22 01:00:00,harbour,45.044532,7.60395,28.238,56.84,1.0084,64.0,1,test
11250,2025-04-22 02:00:00,hill,45.095341,7.740857,20.4,68.33,1.0132,62.5,0,test
11251,2025-04-22 03:00:00,north,45.063164,7.687558,24.511,69.8,0.9295,61.2,0,test
11252,2025-04-22 04:00:00,harbour,45.041287,7.605564,29.599,59.17,1.0646,64.1,1,test
11253,2025-04-22 05:00:00,hill,45.090874,7.738483,24.499,63.16,0.9679,61.6,0,test
11254,2025-04-22 06:00:00,harbour,45.043666,7.610215,29.731,59.34,1.0216,66.1,1,test
11255,2025-04-22 07:00:00,north,45.07458,7.682714,26.445,62.78,0.9744,62.0,0,test
11256,2025-04-22 08:00:00,harbour,45.029491,7.609432,27.641,59.27,0.9896,63.1,1,test
11257,2025-04-22 09:00:00,north,45.073529,7.683713,24.801,64.27,0.9775,60.5,0,test
11258,2025-04-22 10:00:00,north,45.069689,7.694236,23.788,69.44,0.9212,64.3,0,test
11259,2025-04-22 11:00:00,hill,45.110155,7.730339,21.148,71.44,,63.1,0,test
11260,2025-04-22 12:00:00,hill,45.105606,7.733016,19.777,68.58,,63.1,0,test
11261,2025-04-22 13:00:00,harbour,45.040527,7.618578,24.751,62.1,0.9445,65.4,0,test
11262,2025-04-22 14:00:00,harbour,45.041974,7.619426,23.736,67.66,1.0053,60.3,0,test
11263,2025-04-22 15:00:00,harbour,45.045266,7.607161,24.551,61.15,0.9146,58.4,1,test
11264,2025-04-22 16:00:00,harbour,45.04227,7.622202,23.053,67.94,1.0517,58.1,0,test
11265,2025-04-22 17:00:00,north,45.070676,7.691447,21.276,69.42,0.9329,60.6,0,test
11266,2025-04-22 18:00:00,north,45.064733,7.678669,20.039,66.44,0.9435,61.3,0,test
11267,2025-04-22 19:00:00,harbour,45.043463,7.62093,23.167,57.65,0.9919,61.2,0,test
11268,2025-04-22 20:00:00,harbour,45.041655,7.604698,24.829,61.55,1.0255,62.9,1,test
11269,2025-04-22 21:00:00,north,45.077914,7.689371,19.432,72.4,0.9362,64.0,0,test
11270,2025-04-22 22:00:00,north,45.070491,7.680311,22.504,68.12,0.9948,60.4,0,test
11271,2025-04-22 23:00:00,north,45.0702,7.677199,21.408,74.69,1.0254,64.2,0,test
11272,2025-04-23 00:00:00,north,45.068041,7.690217,23.889,66.21,1.0001,60.7,0,test
11273,2025-04-23 01:00:00,hill,45.107457,7.737095,20.108,71.18,,59.8,0,test
11274,2025-04-23 02:00:00,north,45.069742,7.685597,23.575,68.1,1.0211,63.2,0,test
11275,2025-04-23 03:00:00,north,45.067737,7.686955,23.212,65.37,1.0534,63.4,0,test
11276,2025-04-23 04:00:00,harbour,45.047992,7.611499,29.374,65.37,,63.0,0,test
11277,2025-04-23 05:00:00,north,45.077712,7.684725,26.697,59.92,,59.7,1,test
11278,2025-04-23 06:00:00,harbour,45.039755,7.606713,28.158,56.73,0.9176,64.3,1,test
11279,2025-04-23 07:00:00,harbour,45.037467,7.614897,31.67,53.23,1.0625,62.4,1,test
11280,2025-04-23 08:00:00,north,45.075103,7.686116,25.806,68.29,1.0497,60.0,0,test
11281,2025-04-23 09:00:00,hill,45.10123,7.733798,21.028,67.87,,61.6,0,test
11282,2025-04-23 10:00:00,harbour,45.052912,7.609191,30.388,53.98,1.0335,61.9,1,test
11283,2025-04-23 11:00:00,north,45.070041,7.684615,23.419,69.13,1.0543,61.4,0,test
11284,2025-04-23 12:00:00,hill,45.108453,7.727487,21.723,73.86,0.9876,60.3,0,test
11285,2025-04-23 13:00:00,north,45.065385,7.684474,19.012,71.26,0.9407,64.7,0,test
11286,2025-04-23 14:00:00,harbour,45.041453,7.607125,27.415,63.95,0.9876,60.4,0,test
11287,2025-04-23 15:00:00,harbour,45.045984,7.618373,24.513,62.59,1.0324,62.1,0,test
11288,2025-04-23 16:00:00,north,45.072363,7.681286,20.283,76.73,0.9732,61.2,0,test
11289,2025-04-23 17:00:00,north,45.068443,7.683773,20.336,66.77,0.9688,61.8,0,test
11290,2025-04-23 18:00:00,harbour,45.051452,7.612085,22.043,67.57,0.939,58.1,0,test
11291,2025-04-23 19:00:00,north,45.073571,7.689949,21.027,68.37,1.0263,65.2,0,test
11292,2025-04-23 20:00:00,north,45.069687,7.688292,20.794,66.7,0.9485,64.2,0,test
11293,2025-04-23 21:00:00,north,45.068179,7.686084,21.168,69.56,0.9901,61.1,0,test
11294,2025-04-23 22:00:00,north,45.069524,7.696717,20.817,73.04,0.9651,63.4,0,test
11295,2025-04-23 23:00:00,harbour,45.047036,7.611925,24.412,62.01,1.0635,61.3,0,test
11296,2025-04-24 00:00:00,north,45.067511,7.687608,23.478,74.24,1.0493,62.7,0,test
11297,2025-04-24 01:00:00,north,45.070742,7.699557,24.831,65.72,1.1121,60.9,0,test
11298,2025-04-24 02:00:00,hill,45.101317,7.730593,21.828,70.27,,58.0,0,test
11299,2025-04-24 03:00:00,north,45.075653,7.690784,25.105,61.25,0.9529,59.8,1,test
11300,2025-04-24 04:00:00,harbour,45.04096,7.614208,28.75,58.97,1.0134,59.9,1,test
11301,2025-04-24 05:00:00,harbour,45.04508,7.605477,30.479,60.36,0.9338,59.6,1,test
11302,2025-04-24 06:00:00,hill,45.106895,7.731917,24.927,60.56,0.9765,56.9,1,test
11303,2025-04-24 07:00:00,north,45.068283,7.690141,25.993,60.31,1.0336,60.4,1,test
11304,2025-04-24 08:00:00,hill,45.107432,7.727811,21.878,65.52,,62.0,0,test
11305,2025-04-24 09:00:00,north,45.074394,7.685086,28.145,54.82,1.0419,61.6,1,test
11306,2025-04-24 10:00:00,north,45.066008,7.690634,22.912,69.9,0.9645,59.2,0,test
11307,2025-04-24 11:00:00,harbour,45.044445,7.610827,27.704,57.45,0.9779,64.0,1,test
11308,2025-04-24 12:00:00,north,45.084926,7.687331,22.967,73.88,0.9941,60.3,0,test
11309,2025-04-24 13:00:00,harbour,45.040426,7.608689,27.248,56.29,1.0414,61.4,1,test
11310,2025-04-24 14:00:00,harbour,45.044191,7.608907,24.831,63.31,1.0545,60.2,0,test
11311,2025-04-24 15:00:00,north,45.065252,7.682954,18.937,73.11,1.0595,59.0,0,test
11312,2025-04-24 16:00:00,harbour,45.043472,7.610261,22.529,63.93,1.0059,60.9,0,test
11313,2025-04-24 17:00:00,north,45.068254,7.689138,20.124,62.71,0.9657,58.7,0,test
11314,2025-04-24 18:00:00,hill,45.10771,7.735382,16.868,73.22,,58.4,0,test
11315,2025-04-24 19:00:00,north,45.070417,7.695783,19.252,72.39,1.001,56.8,0,test
11316,2025-04-24 20:00:00,north,45.065884,7.688736,19.689,68.07,0.9259,60.8,0,test
11317,2025-04-24 21:00:00,harbour,45.046052,7.61338,22.563,68.91,0.9554,61.6,0,test
11318,2025-04-24 22:00:00,north,45.069753,7.697152,19.819,64.25,,60.3,0,test
11319,2025-04-24 23:00:00,north,45.066534,7.685458,21.561,70.43,1.0148,59.6,0,test
11320,2025-04-25 00:00:00,hill,45.104889,7.730997,19.323,80.74,,59.9,0,test
11321,2025-04-25 01:00:00,north,45.06673,7.686761,23.775,70.0,0.9559,61.9,0,test
11322,2025-04-25 02:00:00,north,45.072217,7.680594,23.372,70.69,1.0471,59.3,0,test
11323,2025-04-25 03:00:00,north,45.070368,7.688563,27.15,59.99,1.0052,60.1,1,test
11324,2025-04-25 04:00:00,harbour,45.04013,7.618773,27.397,59.37,0.9946,60.9,1,test
11325,2025-04-25 05:00:00,harbour,45.044311,7.615166,30.696,60.96,1.033,60.0,1,test
11326,2025-04-25 06:00:00,harbour,45.036473,7.609972,30.448,55.47,1.0171,60.8,1,test
11327,2025-04-25 07:00:00,harbour,45.045543,7.611284,31.517,57.88,0.9495,61.4,1,test
11328,2025-04-25 08:00:00,north,45.062538,7.688399,27.475,57.05,0.9681,59.6,1,test
11329,2025-04-25 09:00:00,north,45.077107,7.691857,23.905,67.5,0.9313,63.8,0,test
11330,2025-04-25 10:00:00,north,45.071358,7.684018,25.146,64.92,1.0303,58.7,0,test
11331,2025-04-25 11:00:00,north,45.069559,7.683941,24.841,55.76,0.9954,60.0,1,test
11332,2025-04-25 12:00:00,hill,45.101654,7.740397,21.221,69.25,,60.5,0,test
11333,2025-04-25 13:00:00,north,45.072833,7.687091,22.912,69.61,,59.9,0,test
11334,2025-04-25 14:00:00,north,45.06998,7.687716,20.915,72.31,0.9431,57.7,0,test
11335,2025-04-25 15:00:00,harbour,45.040906,7.614405,25.865,64.7,1.0546,60.0,0,test
11336,2025-04-25 16:00:00,harbour,45.045792,7.60817,23.763,71.29,1.041,58.0,0,test
11337,2025-04-25 17:00:00,north,45.068872,7.685275,19.528,71.82,0.9301,59.5,0,test
11338,2025-04-25 18:00:00,hill,45.103671,7.740282,17.186,72.3,1.0518,60.9,0,test
11339,2025-04-25 19:00:00,hill,45.10636,7.734232,16.582,79.85,0.9659,61.3,0,test
11340,2025-04-25 20:00:00,north,45.074958,7.68503,19.654,80.41,,59.7,0,test
11341,2025-04-25 21:00:00,hill,45.104019,7.7365,18.06,72.78,1.0249,58.8,0,test
11342,2025-04-25 22:00:00,harbour,45.04227,7.613949,28.066,66.2,0.9711,63.9,0,test
11343,2025-04-25 23:00:00,harbour,45.041811,7.624632,26.227,62.0,,59.5,1,test
11344,2025-04-26 00:00:00,harbour,45.044627,7.608003,26.786,55.97,0.9925,63.2,1,test
11345,2025-04-26 01:00:00,harbour,45.047649,7.612719,27.017,58.02,,58.1,1,test
11346,2025-04-26 02:00:00,north,45.066849,7.696032,25.197,60.7,1.0332,60.0,1,test
11347,2025-04-26 03:00:00,north,45.070086,7.686194,24.129,70.31,0.9856,62.6,0,test
11348,2025-04-26 04:00:00,hill,45.104435,7.736909,23.526,66.91,,57.8,0,test
11349,2025-04-26 05:00:00,north,45.07301,7.678809,26.603,59.98,0.8637,57.2,1,test
11350,2025-04-26 06:00:00,north,45.076692,7.69086,26.509,62.83,1.035,61.4,0,test
11351,2025-04-26 07:00:00,harbour,45.041556,7.616355,30.34,62.56,1.0019,62.5,0,test
11352,2025-04-26 08:00:00,harbour,45.042485,7.616103,29.261,58.14,0.946,61.0,1,test
11353,2025-04-26 09:00:00,hill,45.109201,7.734133,23.229,64.01,,60.3,0,test
11354,2025-04-26 10:00:00,north,45.065591,7.687869,25.425,65.26,1.0404,58.3,0,test
11355,2025-04-26 11:00:00,harbour,45.038509,7.611699,28.179,56.63,,60.0,1,test
11356,2025-04-26 12:00:00,north,45.068799,7.690255,23.225,68.93,0.9617,61.0,0,test
11357,2025-04-26 13:00:00,north,45.070591,7.685969,23.391,70.65,1.029,58.5,0,test
11358,2025-04-26 14:00:00,north,45.07155,7.689939,21.419,70.18,1.0872,56.1,0,test
11359,2025-04-26 15:00:00,north,45.068519,7.679402,22.419,66.31,1.0258,61.4,0,test
11360,2025-04-26 16:00:00,north,45.077711,7.684405,20.332,71.44,0.9798,56.9,0,test
11361,2025-04-26 17:00:00,north,45.067756,7.671894,21.582,63.53,1.0882,56.5,0,test
11362,2025-04-26 18:00:00,hill,45.103795,7.734302,17.321,81.47,0.972,58.2,0,test
11363,2025-04-26 19:00:00,north,45.075012,7.689865,20.11,80.74,1.065,61.2,0,test
11364,2025-04-26 20:00:00,north,45.07374,7.684755,19.331,72.43,1.0337,56.5,0,test
11365,2025-04-26 21:00:00,hill,45.104553,7.746706,18.69,64.98,,59.1,0,test
11366,2025-04-26 22:00:00,harbour,45.043131,7.607108,25.548,60.94,0.9717,62.6,1,test
11367,2025-04-26 23:00:00,harbour,45.044921,7.610357,25.97,57.27,0.9734,59.7,1,test
11368,2025-04-27 00:00:00,hill,45.104553,7.730445,20.708,62.91,0.9998,58.5,0,test
11369,2025-04-27 01:00:00,harbour,45.04423,7.60954,27.728,60.03,1.0681,57.3,1,test
11370,2025-04-27 02:00:00,north,45.066883,7.683703,23.817,65.41,0.998,55.8,0,test
11371,2025-04-27 03:00:00,hill,45.104882,7.727715,21.189,67.22,0.9584,61.5,0,test
11372,2025-04-27 04:00:00,north,45.063935,7.681173,26.739,66.42,1.0659,56.2,0,test
11373,2025-04-27 05:00:00,hill,45.100968,7.745112,23.553,66.59,1.0511,59.0,0,test
11374,2025-04-27 06:00:00,north,45.065951,7.684731,28.177,56.04,1.0053,60.6,1,test
11375,2025-04-27 07:00:00,north,45.075645,7.69056,28.624,61.01,,57.6,1,test
11376,2025-04-27 08:00:00,harbour,45.039693,7.605722,30.47,51.69,1.0104,58.3,1,test
11377,2025-04-27 09:00:00,north,45.071777,7.685453,26.251,61.25,1.0899,60.6,1,test
11378,2025-04-27 10:00:00,hill,45.100814,7.737695,22.508,64.56,,58.9,0,test
11379,2025-04-27 11:00:00,hill,45.103737,7.734173,21.217,70.89,0.9656,60.9,0,test
11380,2025-04-27 12:00:00,harbour,45.040422,7.609481,26.053,61.86,,60.8,1,test
11381,2025-04-27 13:00:00,north,45.067078,7.685093,19.479,69.81,1.0073,61.4,0,test
11382,2025-04-27 14:00:00,north,45.074027,7.686167,22.539,68.92,1.0086,55.7,0,test
11383,2025-04-27 15:00:00,north,45.063793,7.690161,21.68,70.95,0.9737,59.1,0,test
11384,2025-04-27 16:00:00,harbour,45.044078,7.618013,24.048,66.72,0.9759,58.6,0,test
11385,2025-04-27 17:00:00,north,45.081324,7.679471,20.339,75.42,0.9378,58.0,0,test
11386,2025-04-27 18:00:00,north,45.067192,7.675803,21.181,65.56,0.9749,55.1,0,test
11387,2025-04-27 19:00:00,north,45.070641,7.685063,21.231,71.29,1.08,58.0,0,test
11388,2025-04-27 20:00:00,hill,45.098178,7.735038,17.736,81.3,,60.8,0,test
11389,2025-04-27 21:00:00,hill,45.104388,7.738577,17.749,74.61,,60.2,0,test
11390,2025-04-27 22:00:00,north,45.063435,7.691319,22.372,59.23,0.9684,56.9,0,test
11391,2025-04-27 23:00:00,hill,45.107024,7.731713,20.37,74.8,0.9634,58.0,0,test
11392,2025-04-28 00:00:00,north,45.06846,7.696257,25.79,62.5,0.9949,58.0,0,test
11393,2025-04-28 01:00:00,harbour,45.033944,7.613294,26.601,64.77,,59.7,0,test
11394,2025-04-28 02:00:00,north,45.065174,7.677233,25.462,64.88,1.0569,56.8,0,test
11395,2025-04-28 03:00:00,north,45.06397,7.690786,24.572,67.5,0.9598,56.8,0,test
11396,2025-04-28 04:00:00,harbour,45.040251,7.613395,29.063,63.63,0.9877,55.3,0,test
11397,2025-04-28 05:00:00,north,45.073868,7.687441,29.046,59.27,1.0711,59.6,1,test
11398,2025-04-28 06:00:00,north,45.068767,7.678105,26.04,66.12,0.9987,61.7,0,test
11399,2025-04-28 07:00:00,harbour,45.03658,7.610506,29.759,52.54,1.0614,58.8,1,test
11400,2025-04-28 08:00:00,harbour,45.037957,7.612806,28.931,55.33,0.9908,59.1,1,test
11401,2025-04-28 09:00:00,hill,45.104821,7.734249,23.549,65.96,1.0385,59.5,0,test
11402,2025-04-28 10:00:00,north,45.060419,7.689429,24.44,71.55,1.1056,55.7,0,test
11403,2025-04-28 11:00:00,north,45.0727,7.69226,22.264,64.92,0.9555,59.1,0,test
11404,2025-04-28 12:00:00,north,45.07195,7.693591,23.476,65.15,1.0258,60.8,0,test
11405,2025-04-28 13:00:00,north,45.060285,7.692235,23.423,69.29,0.9468,59.8,0,test
11406,2025-04-28 14:00:00,north,45.075091,7.685282,21.691,66.94,0.9984,57.4,0,test
11407,2025-04-28 15:00:00,north,45.063596,7.69456,21.235,64.48,0.9675,56.3,0,test
11408,2025-04-28 16:00:00,harbour,45.040369,7.613316,23.262,58.95,1.006,56.4,0,test
11409,2025-04-28 17:00:00,north,45.07504,7.690266,19.17,75.73,0.9419,60.0,0,test
11410,2025-04-28 18:00:00,harbour,45.034551,7.610809,23.627,61.8,0.897,56.5,0,test
11411,2025-04-28 19:00:00,north,45.062679,7.679086,18.949,74.27,1.0281,57.9,0,test
11412,2025-04-28 20:00:00,north,45.065638,7.674745,20.052,73.4,1.0051,58.1,0,test
11413,2025-04-28 21:00:00,harbour,45.036775,7.612942,23.441,62.58,1.063,57.0,0,test
11414,2025-04-28 22:00:00,north,45.069622,7.682652,21.456,71.16,1.0097,55.8,0,test
11415,2025-04-28 23:00:00,north,45.068036,7.685984,23.393,58.07,1.0048,58.4,0,test
11416,2025-04-29 00:00:00,north,45.068147,7.69046,23.284,66.35,0.958,56.0,0,test
11417,2025-04-29 01:00:00,harbour,45.039201,7.604419,28.933,54.71,0.9328,56.6,1,test
11418,2025-04-29 02:00:00,hill,45.10342,7.726258,22.337,69.05,,59.7,0,test
11419,2025-04-29 03:00:00,north,45.066671,7.68731,25.44,64.58,0.9429,58.8,0,test
11420,2025-04-29 04:00:00,north,45.071497,7.687833,25.072,65.03,1.0675,53.2,0,test
11421,2025-04-29 05:00:00,harbour,45.041146,7.610662,30.032,59.84,1.0695,55.2,1,test
11422,2025-04-29 06:00:00,north,45.066003,7.683409,25.212,61.53,1.0262,58.8,1,test
11423,2025-04-29 07:00:00,north,45.077604,7.678103,27.274,55.41,1.0596,55.5,1,test
11424,2025-04-29 08:00:00,hill,45.098967,7.734589,21.579,64.21,0.9959,58.8,0,test
11425,2025-04-29 09:00:00,north,45.073165,7.682325,24.017,69.77,0.9738,59.3,0,test
11426,2025-04-29 10:00:00,hill,45.101119,7.737162,20.961,65.87,1.118,59.2,0,test
11427,2025-04-29 11:00:00,harbour,45.042642,7.616725,25.765,61.92,0.9881,60.6,1,test
11428,2025-04-29 12:00:00,north,45.072307,7.683251,23.449,67.99,1.0625,54.6,0,test
11429,2025-04-29 13:00:00,north,45.073696,7.688083,21.628,68.47,0.9606,55.4,0,test
11430,2025-04-29 14:00:00,north,45.075991,7.686936,21.209,65.72,1.0197,56.1,0,test
11431,2025-04-29 15:00:00,harbour,45.037756,7.615495,25.269,55.54,1.0419,56.2,1,test
11432,2025-04-29 16:00:00,hill,45.115876,7.742637,15.066,82.07,,58.9,0,test
11433,2025-04-29 17:00:00,north,45.071866,7.689298,19.964,69.12,0.926,57.9,0,test
11434,2025-04-29 18:00:00,north,45.066901,7.689546,20.538,64.1,0.9652,55.4,0,test
11435,2025-04-29 19:00:00,north,45.064684,7.689965,21.4,66.84,0.9823,56.1,0,test
11436,2025-04-29 20:00:00,north,45.079818,7.683898,20.718,70.58,1.0025,54.6,0,test
11437,2025-04-29 21:00:00,north,45.076968,7.685982,20.321,63.05,0.9627,56.2,0,test
11438,2025-04-29 22:00:00,hill,45.104187,7.736732,19.798,72.22,,54.3,0,test
11439,2025-04-29 23:00:00,harbour,45.044377,7.618174,27.064,61.52,0.9488,60.5,1,test
